call_id,ticker,quarter,call_start,new_transcript,transcript_segments,status,new_model_for_research,anchor_status,call_start_source,transcript_source_url,market_provider,market_source_url,benchmark,exclusion_reason
AMD_Q4_2019,AMD,Q4 2019,2020-01-28T17:30:00-05:00,True,126,modeled,True,primary_verified,https://ir.amd.com/news-events/press-releases/detail/930/amd-reports-fourth-quarter-and-annual-2019-financial-results,https://www.marketbeat.com/earnings/reports/2020-1-28-advanced-micro-devices-inc-stock/,huggingface-ggaddam-finnhub-1m,https://huggingface.co/datasets/ggaddam/OHLCV-1m/blob/main/data/ohlcv_2020-01.parquet,SPY,
AMD_Q1_2020,AMD,Q1 2020,2020-04-28T17:30:00-04:00,True,126,modeled,True,primary_verified,https://ir.amd.com/news-events/press-releases/detail/944/amd-reports-first-quarter-2020-financial-results,https://www.marketbeat.com/earnings/reports/2020-4-28-advanced-micro-devices-inc-stock/,huggingface-ggaddam-finnhub-1m,https://huggingface.co/datasets/ggaddam/OHLCV-1m/blob/main/data/ohlcv_2020-04.parquet,QQQ,
AMD_Q2_2020,AMD,Q2 2020,2020-07-28T17:00:00-04:00,True,127,failed_coverage_or_model,,primary_verified,https://ir.amd.com/news-events/press-releases/detail/963/amd-reports-second-quarter-2020-financial-results,https://www.marketbeat.com/earnings/reports/2020-7-28-advanced-micro-devices-inc-stock/,none,,QQQ,"SPY insufficient coverage: {'call_bars': 25, 'expected_call_minutes': 55, 'coverage_fraction': 0.45454545454545453, 'max_call_gap_seconds': 360.0, 'pre_release_bars': 120, 'first_price': '2020-07-28T18:00:00+00:00', 'last_price': '2020-07-28T22:40:00+00:00'}"
AMD_Q3_2020,AMD,Q3 2020,2020-10-27T08:00:00-04:00,True,119,modeled,True,primary_verified,https://ir.amd.com/financial-information/sec-filings/content/0000002488-20-000161/q32020991.htm,https://www.marketbeat.com/earnings/reports/2020-10-27-advanced-micro-devices-inc-stock/,huggingface-ggaddam-finnhub-1m,https://huggingface.co/datasets/ggaddam/OHLCV-1m/blob/main/data/ohlcv_2020-10.parquet,QQQ,
AMD_Q4_2020,AMD,Q4 2020,2021-01-26T17:00:00-05:00,True,130,modeled,True,primary_verified,https://ir.amd.com/news-events/press-releases/detail/988/amd-reports-fourth-quarter-and-full-year-2020-financial-results,https://www.marketbeat.com/earnings/reports/2021-1-26-advanced-micro-devices-inc-stock/,huggingface-ggaddam-finnhub-1m,https://huggingface.co/datasets/ggaddam/OHLCV-1m/blob/main/data/ohlcv_2021-01.parquet,SPY,
AMD_Q1_2021,AMD,Q1 2021,2021-04-27T17:00:00-04:00,True,109,failed_coverage_or_model,,primary_verified,https://ir.amd.com/financial-information/sec-filings/content/0000002488-21-000054/q12021991.htm,https://www.marketbeat.com/earnings/reports/2021-4-27-advanced-micro-devices-inc-stock/,huggingface-ggaddam-finnhub-1m,https://huggingface.co/datasets/ggaddam/OHLCV-1m/blob/main/data/ohlcv_2021-04.parquet,SPY,"SPY insufficient coverage: {'call_bars': 39, 'expected_call_minutes': 58, 'coverage_fraction': 0.6724137931034483, 'max_call_gap_seconds': 360.0, 'pre_release_bars': 120, 'first_price': '2021-04-27T18:00:00+00:00', 'last_price': '2021-04-27T22:42:00+00:00'}"
AMD_Q2_2021,AMD,Q2 2021,2021-07-27T17:00:00-04:00,True,89,modeled,True,primary_verified,https://ir.amd.com/news-events/press-releases/detail/1014/amd-reports-second-quarter-2021-financial-results,https://www.marketbeat.com/earnings/reports/2021-7-27-advanced-micro-devices-inc-stock/,huggingface-ggaddam-finnhub-1m,https://huggingface.co/datasets/ggaddam/OHLCV-1m/blob/main/data/ohlcv_2021-07.parquet,QQQ,
AMD_Q3_2021,AMD,Q3 2021,2021-10-26T17:00:00-04:00,True,126,failed_coverage_or_model,,primary_verified,https://ir.amd.com/news-events/press-releases/detail/1027/amd-reports-third-quarter-2021-financial-results,https://www.marketbeat.com/earnings/reports/2021-10-26-advanced-micro-devices-inc-stock/,none,,QQQ,"SPY insufficient coverage: {'call_bars': 31, 'expected_call_minutes': 51, 'coverage_fraction': 0.6078431372549019, 'max_call_gap_seconds': 360.0, 'pre_release_bars': 120, 'first_price': '2021-10-26T18:00:00+00:00', 'last_price': '2021-10-26T22:36:00+00:00'}"
AMD_Q4_2021,AMD,Q4 2021,2022-02-01T17:00:00-05:00,True,124,modeled,True,primary_verified,https://ir.amd.com/news-events/press-releases/detail/1044/amd-reports-fourth-quarter-and-full-year-2021-financial-results,https://www.marketbeat.com/earnings/reports/2022-2-1-advanced-micro-devices-inc-stock/,huggingface-ggaddam-finnhub-1m,https://huggingface.co/datasets/ggaddam/OHLCV-1m/blob/main/data/ohlcv_2022-02.parquet,QQQ,
AMD_Q1_2022,AMD,Q1 2022,2022-05-03T17:00:00-04:00,True,118,modeled,True,primary_verified,https://ir.amd.com/news-events/press-releases/detail/1062/amd-reports-first-quarter-2022-financial-results,https://www.marketbeat.com/earnings/reports/2022-5-3-advanced-micro-devices-inc-stock/,huggingface-ggaddam-finnhub-1m,https://huggingface.co/datasets/ggaddam/OHLCV-1m/blob/main/data/ohlcv_2022-05.parquet,QQQ,
AMD_Q2_2022,AMD,Q2 2022,2022-08-02T17:00:00-04:00,True,116,modeled,True,primary_verified,https://ir.amd.com/news-events/press-releases/detail/1084/amd-reports-second-quarter-2022-financial-results,https://www.marketbeat.com/earnings/reports/2022-8-2-advanced-micro-devices-inc-stock/,huggingface-ggaddam-finnhub-1m,https://huggingface.co/datasets/ggaddam/OHLCV-1m/blob/main/data/ohlcv_2022-08.parquet,QQQ,
AMD_Q3_2022,AMD,Q3 2022,2022-11-01T17:00:00-04:00,True,138,modeled,True,source_reported_unverified,https://www.marketbeat.com/earnings/reports/2022-11-1-advanced-micro-devices-inc-stock/,https://www.marketbeat.com/earnings/reports/2022-11-1-advanced-micro-devices-inc-stock/,huggingface-ggaddam-finnhub-1m,https://huggingface.co/datasets/ggaddam/OHLCV-1m/blob/main/data/ohlcv_2022-11.parquet,QQQ,
AMD_Q4_2022,AMD,Q4 2022,2023-01-31T17:00:00-05:00,True,116,modeled,True,source_reported_unverified,https://www.marketbeat.com/earnings/reports/2023-1-31-advanced-micro-devices-inc-stock/,https://www.marketbeat.com/earnings/reports/2023-1-31-advanced-micro-devices-inc-stock/,huggingface-ggaddam-finnhub-1m,https://huggingface.co/datasets/ggaddam/OHLCV-1m/blob/main/data/ohlcv_2023-01.parquet,QQQ,
AMD_Q1_2023,AMD,Q1 2023,2023-05-02T17:00:00-04:00,True,138,modeled,True,source_reported_unverified,https://www.marketbeat.com/earnings/reports/2023-5-2-advanced-micro-devices-inc-stock/,https://www.marketbeat.com/earnings/reports/2023-5-2-advanced-micro-devices-inc-stock/,huggingface-ggaddam-finnhub-1m,https://huggingface.co/datasets/ggaddam/OHLCV-1m/blob/main/data/ohlcv_2023-05.parquet,QQQ,
AMD_Q2_2023,AMD,Q2 2023,2023-08-01T17:00:00-04:00,True,129,modeled,True,source_reported_unverified,https://www.marketbeat.com/earnings/reports/2023-8-1-advanced-micro-devices-inc-stock/,https://www.marketbeat.com/earnings/reports/2023-8-1-advanced-micro-devices-inc-stock/,huggingface-ggaddam-finnhub-1m,https://huggingface.co/datasets/ggaddam/OHLCV-1m/blob/main/data/ohlcv_2023-08.parquet,QQQ,
AMD_Q3_2023,AMD,Q3 2023,2023-10-31T17:00:00-04:00,True,114,failed_coverage_or_model,,source_reported_unverified,https://www.marketbeat.com/earnings/reports/2023-10-31-advanced-micro-devices-inc-stock/,https://www.marketbeat.com/earnings/reports/2023-10-31-advanced-micro-devices-inc-stock/,none,,QQQ,"SPY insufficient coverage: {'call_bars': 39, 'expected_call_minutes': 60, 'coverage_fraction': 0.65, 'max_call_gap_seconds': 360.0, 'pre_release_bars': 120, 'first_price': '2023-10-31T18:00:00+00:00', 'last_price': '2023-10-31T22:45:00+00:00'}"
AMD_Q4_2023,AMD,Q4 2023,2024-01-30T17:00:00-05:00,True,110,modeled,True,source_reported_unverified,https://www.marketbeat.com/earnings/reports/2024-1-30-advanced-micro-devices-inc-stock/,https://www.marketbeat.com/earnings/reports/2024-1-30-advanced-micro-devices-inc-stock/,huggingface-ggaddam-finnhub-1m,https://huggingface.co/datasets/ggaddam/OHLCV-1m/blob/main/data/ohlcv_2024-01.parquet,QQQ,
AMD_Q1_2024,AMD,Q1 2024,2024-04-30T17:00:00-04:00,True,137,failed_coverage_or_model,,source_reported_unverified,https://www.marketbeat.com/earnings/reports/2024-4-30-advanced-micro-devices-inc-stock/,https://www.marketbeat.com/earnings/reports/2024-4-30-advanced-micro-devices-inc-stock/,none,,QQQ,AMD duplicate price timestamps
AMD_Q2_2024,AMD,Q2 2024,2024-07-30T17:00:00-04:00,True,111,modeled,True,source_reported_unverified,https://www.marketbeat.com/earnings/reports/2024-7-30-advanced-micro-devices-inc-stock/,https://www.marketbeat.com/earnings/reports/2024-7-30-advanced-micro-devices-inc-stock/,huggingface-ggaddam-finnhub-1m,https://huggingface.co/datasets/ggaddam/OHLCV-1m/blob/main/data/ohlcv_2024-07.parquet,QQQ,
AMD_Q3_2024,AMD,Q3 2024,2024-10-29T17:00:00-04:00,True,112,modeled,True,source_reported_unverified,https://www.marketbeat.com/earnings/reports/2024-10-29-advanced-micro-devices-inc-stock/,https://www.marketbeat.com/earnings/reports/2024-10-29-advanced-micro-devices-inc-stock/,huggingface-ggaddam-finnhub-1m,https://huggingface.co/datasets/ggaddam/OHLCV-1m/blob/main/data/ohlcv_2024-10.parquet,QQQ,
AMD_Q4_2024,AMD,Q4 2024,2025-02-04T17:00:00-05:00,True,95,modeled,True,source_reported_unverified,https://www.marketbeat.com/earnings/reports/2025-2-4-advanced-micro-devices-inc-stock/,https://www.marketbeat.com/earnings/reports/2025-2-4-advanced-micro-devices-inc-stock/,huggingface-ggaddam-finnhub-1m,https://huggingface.co/datasets/ggaddam/OHLCV-1m/blob/main/data/ohlcv_2025-02.parquet,QQQ,
AMD_Q1_2025,AMD,Q1 2025,2025-05-06T17:00:00-04:00,True,108,modeled,True,source_reported_unverified,https://www.marketbeat.com/earnings/reports/2025-5-6-advanced-micro-devices-inc-stock/,https://www.marketbeat.com/earnings/reports/2025-5-6-advanced-micro-devices-inc-stock/,huggingface-ggaddam-finnhub-1m,https://huggingface.co/datasets/ggaddam/OHLCV-1m/blob/main/data/ohlcv_2025-05.parquet,QQQ,
AMD_Q2_2025,AMD,Q2 2025,2025-08-05T17:00:00-04:00,True,96,modeled,True,source_reported_unverified,https://www.marketbeat.com/earnings/reports/2025-8-5-advanced-micro-devices-inc-stock/,https://www.marketbeat.com/earnings/reports/2025-8-5-advanced-micro-devices-inc-stock/,huggingface-mito0o852-finnhub-1m,https://huggingface.co/datasets/mito0o852/OHLCV-1m/blob/main/data/ohlcv_2025-08.parquet,SPY,
AMD_Q3_2025,AMD,Q3 2025,2025-11-04T17:00:00-05:00,True,113,modeled,True,source_reported_unverified,https://www.marketbeat.com/earnings/reports/2025-11-4-advanced-micro-devices-inc-stock/,https://www.marketbeat.com/earnings/reports/2025-11-4-advanced-micro-devices-inc-stock/,huggingface-mito0o852-finnhub-1m,https://huggingface.co/datasets/mito0o852/OHLCV-1m/blob/main/data/ohlcv_2025-11.parquet,QQQ,
AMD_Q4_2025,AMD,Q4 2025,2026-02-03T17:00:00-05:00,True,94,modeled,True,source_reported_unverified,https://www.marketbeat.com/earnings/reports/2026-2-3-advanced-micro-devices-inc-stock/,https://www.marketbeat.com/earnings/reports/2026-2-3-advanced-micro-devices-inc-stock/,huggingface-mito0o852-finnhub-1m,https://huggingface.co/datasets/mito0o852/OHLCV-1m/blob/main/data/ohlcv_2026-02.parquet,QQQ,
AMD_Q1_2026,AMD,Q1 2026,2026-05-05T17:00:00-04:00,True,132,transcript_only,,source_reported_unverified,https://www.marketbeat.com/earnings/reports/2026-5-5-advanced-micro-devices-inc-stock/,https://www.marketbeat.com/earnings/reports/2026-5-5-advanced-micro-devices-inc-stock/,none,,QQQ,No historical minute-price file covers this month.
AMD_Q2_2026,AMD,Q2 2026,2026-08-04T17:00:00-04:00,True,99,modeled,False,source_reported_unverified,https://www.marketbeat.com/earnings/reports/2026-8-4-advanced-micro-devices-inc-stock/,https://www.marketbeat.com/earnings/reports/2026-8-4-advanced-micro-devices-inc-stock/,yahoo-chart-2m,,QQQ,
AVGO_Q1_2020,AVGO,Q1 2020,2020-03-12T17:00:00-04:00,True,69,failed_coverage_or_model,,primary_verified,https://investors.broadcom.com/news-releases/news-release-details/broadcom-inc-announces-first-quarter-fiscal-year-2020-financial,https://www.marketbeat.com/earnings/reports/2020-3-12-broadcom-inc-stock/,none,,QQQ,"AVGO insufficient coverage: {'call_bars': 14, 'expected_call_minutes': 44, 'coverage_fraction': 0.3181818181818182, 'max_call_gap_seconds': 480.0, 'pre_release_bars': 120, 'first_price': '2020-03-12T18:00:00+00:00', 'last_price': '2020-03-12T22:29:00+00:00'}"
AVGO_Q2_2020,AVGO,Q2 2020,2020-06-04T17:00:00-04:00,True,56,modeled,True,primary_verified,https://investors.broadcom.com/news-releases/news-release-details/broadcom-inc-announces-second-quarter-fiscal-year-2020-financial,https://www.marketbeat.com/earnings/reports/2020-6-4-broadcom-inc-stock/,huggingface-ggaddam-finnhub-1m,https://huggingface.co/datasets/ggaddam/OHLCV-1m/blob/main/data/ohlcv_2020-06.parquet,SPY,
AVGO_Q3_2020,AVGO,Q3 2020,2020-09-03T17:00:00-04:00,True,60,failed_coverage_or_model,,primary_verified,https://investors.broadcom.com/news-releases/news-release-details/broadcom-inc-announce-third-quarter-fiscal-year-2020-financial,https://www.marketbeat.com/earnings/reports/2020-9-3-broadcom-inc-stock/,none,,QQQ,"AVGO insufficient coverage: {'call_bars': 19, 'expected_call_minutes': 39, 'coverage_fraction': 0.48717948717948717, 'max_call_gap_seconds': 360.0, 'pre_release_bars': 120, 'first_price': '2020-09-03T18:00:00+00:00', 'last_price': '2020-09-03T22:23:00+00:00'}"
AVGO_Q4_2020,AVGO,Q4 2020,2020-12-10T17:00:00-05:00,True,67,failed_coverage_or_model,,primary_verified,https://investors.broadcom.com/news-releases/news-release-details/broadcom-inc-announces-fourth-quarter-and-fiscal-year-2020,https://www.marketbeat.com/earnings/reports/2020-12-10-broadcom-inc-stock/,none,,QQQ,"AVGO insufficient coverage: {'call_bars': 17, 'expected_call_minutes': 53, 'coverage_fraction': 0.32075471698113206, 'max_call_gap_seconds': 600.0, 'pre_release_bars': 119, 'first_price': '2020-12-10T19:00:00+00:00', 'last_price': '2020-12-10T23:38:00+00:00'}"
AVGO_Q1_2021,AVGO,Q1 2021,2021-03-04T17:00:00-05:00,True,62,failed_coverage_or_model,,primary_verified,https://investors.broadcom.com/news-releases/news-release-details/broadcom-inc-announces-first-quarter-fiscal-year-2021-financial,https://www.marketbeat.com/earnings/reports/2021-3-4-broadcom-inc-stock/,none,,QQQ,"AVGO insufficient coverage: {'call_bars': 27, 'expected_call_minutes': 47, 'coverage_fraction': 0.574468085106383, 'max_call_gap_seconds': 300.0, 'pre_release_bars': 120, 'first_price': '2021-03-04T19:00:00+00:00', 'last_price': '2021-03-04T23:30:00+00:00'}"
AVGO_Q2_2021,AVGO,Q2 2021,2021-06-03T17:00:00-04:00,True,76,failed_coverage_or_model,,primary_verified,https://investors.broadcom.com/news-releases/news-release-details/broadcom-inc-announces-second-quarter-fiscal-year-2021-financial,https://www.marketbeat.com/earnings/reports/2021-6-3-broadcom-inc-stock/,none,,QQQ,"AVGO insufficient coverage: {'call_bars': 9, 'expected_call_minutes': 47, 'coverage_fraction': 0.19148936170212766, 'max_call_gap_seconds': 840.0, 'pre_release_bars': 114, 'first_price': '2021-06-03T18:01:00+00:00', 'last_price': '2021-06-03T22:21:00+00:00'}"
AVGO_Q3_2021,AVGO,Q3 2021,2021-09-02T17:00:00-04:00,True,76,failed_coverage_or_model,,primary_verified,https://investors.broadcom.com/news-releases/news-release-details/broadcom-inc-announces-third-quarter-fiscal-year-2021-financial,https://www.marketbeat.com/earnings/reports/2021-9-2-broadcom-inc-stock/,none,,QQQ,"AVGO insufficient coverage: {'call_bars': 24, 'expected_call_minutes': 47, 'coverage_fraction': 0.5106382978723404, 'max_call_gap_seconds': 420.0, 'pre_release_bars': 119, 'first_price': '2021-09-02T18:00:00+00:00', 'last_price': '2021-09-02T22:31:00+00:00'}"
AVGO_Q4_2021,AVGO,Q4 2021,2021-12-09T17:00:00-05:00,True,99,failed_coverage_or_model,,primary_verified,https://investors.broadcom.com/news-releases/news-release-details/broadcom-inc-announces-fourth-quarter-and-fiscal-year-2021,https://www.marketbeat.com/earnings/reports/2021-12-9-broadcom-inc-stock/,none,,QQQ,"AVGO insufficient coverage: {'call_bars': 30, 'expected_call_minutes': 60, 'coverage_fraction': 0.5, 'max_call_gap_seconds': 540.0, 'pre_release_bars': 119, 'first_price': '2021-12-09T19:00:00+00:00', 'last_price': '2021-12-09T23:44:00+00:00'}"
AVGO_Q1_2022,AVGO,Q1 2022,2022-03-03T17:00:00-05:00,True,94,failed_coverage_or_model,,primary_verified,https://investors.broadcom.com/news-releases/news-release-details/broadcom-inc-announces-first-quarter-fiscal-year-2022-financial,https://www.marketbeat.com/earnings/reports/2022-3-3-broadcom-inc-stock/,none,,QQQ,"AVGO insufficient coverage: {'call_bars': 26, 'expected_call_minutes': 56, 'coverage_fraction': 0.4642857142857143, 'max_call_gap_seconds': 300.0, 'pre_release_bars': 119, 'first_price': '2022-03-03T19:00:00+00:00', 'last_price': '2022-03-03T23:32:00+00:00'}"
AVGO_Q2_2022,AVGO,Q2 2022,2022-05-26T08:00:00-04:00,True,83,failed_coverage_or_model,,primary_verified,https://investors.broadcom.com/news-releases/news-release-details/broadcom-inc-announces-second-quarter-fiscal-year-2022-financial,https://www.marketbeat.com/earnings/reports/2022-5-26-broadcom-inc-stock/,none,,QQQ,"AVGO insufficient coverage: {'call_bars': 25, 'expected_call_minutes': 60, 'coverage_fraction': 0.4166666666666667, 'max_call_gap_seconds': 480.0, 'pre_release_bars': 1, 'first_price': '2022-05-26T10:07:00+00:00', 'last_price': '2022-05-26T13:45:00+00:00'}"
AVGO_Q3_2022,AVGO,Q3 2022,2022-09-01T17:00:00-04:00,True,75,failed_coverage_or_model,,source_reported_unverified,https://www.marketbeat.com/earnings/reports/2022-9-1-broadcom-inc-stock/,https://www.marketbeat.com/earnings/reports/2022-9-1-broadcom-inc-stock/,none,,QQQ,"AVGO insufficient coverage: {'call_bars': 16, 'expected_call_minutes': 51, 'coverage_fraction': 0.3137254901960784, 'max_call_gap_seconds': 660.0, 'pre_release_bars': 120, 'first_price': '2022-09-01T18:00:00+00:00', 'last_price': '2022-09-01T22:28:00+00:00'}"
AVGO_Q4_2022,AVGO,Q4 2022,2022-12-08T17:00:00-05:00,True,104,failed_coverage_or_model,,source_reported_unverified,https://www.marketbeat.com/earnings/reports/2022-12-8-broadcom-inc-stock/,https://www.marketbeat.com/earnings/reports/2022-12-8-broadcom-inc-stock/,none,,QQQ,"AVGO insufficient coverage: {'call_bars': 5, 'expected_call_minutes': 54, 'coverage_fraction': 0.09259259259259259, 'max_call_gap_seconds': 1830.0, 'pre_release_bars': 117, 'first_price': '2022-12-08T19:00:00+00:00', 'last_price': '2022-12-08T23:36:00+00:00'}"
AVGO_Q1_2023,AVGO,Q1 2023,2023-03-02T17:00:00-05:00,True,100,failed_coverage_or_model,,source_reported_unverified,https://www.marketbeat.com/earnings/reports/2023-3-2-broadcom-inc-stock/,https://www.marketbeat.com/earnings/reports/2023-3-2-broadcom-inc-stock/,none,,QQQ,"AVGO insufficient coverage: {'call_bars': 22, 'expected_call_minutes': 55, 'coverage_fraction': 0.4, 'max_call_gap_seconds': 360.0, 'pre_release_bars': 119, 'first_price': '2023-03-02T19:00:00+00:00', 'last_price': '2023-03-02T23:23:00+00:00'}"
AVGO_Q2_2023,AVGO,Q2 2023,2023-06-01T17:00:00-04:00,True,95,failed_coverage_or_model,,source_reported_unverified,https://www.marketbeat.com/earnings/reports/2023-6-1-broadcom-inc-stock/,https://www.marketbeat.com/earnings/reports/2023-6-1-broadcom-inc-stock/,none,,QQQ,"SPY insufficient coverage: {'call_bars': 42, 'expected_call_minutes': 57, 'coverage_fraction': 0.7368421052631579, 'max_call_gap_seconds': 360.0, 'pre_release_bars': 120, 'first_price': '2023-06-01T18:00:00+00:00', 'last_price': '2023-06-01T22:42:00+00:00'}"
AVGO_Q3_2023,AVGO,Q3 2023,2023-08-31T17:00:00-04:00,True,87,failed_coverage_or_model,,source_reported_unverified,https://www.marketbeat.com/earnings/reports/2023-8-31-broadcom-inc-stock/,https://www.marketbeat.com/earnings/reports/2023-8-31-broadcom-inc-stock/,none,,QQQ,AVGO duplicate price timestamps
AVGO_Q4_2023,AVGO,Q4 2023,2023-12-07T17:00:00-05:00,True,109,failed_coverage_or_model,,source_reported_unverified,https://www.marketbeat.com/earnings/reports/2023-12-7-broadcom-inc-stock/,https://www.marketbeat.com/earnings/reports/2023-12-7-broadcom-inc-stock/,none,,QQQ,"AVGO insufficient coverage: {'call_bars': 39, 'expected_call_minutes': 56, 'coverage_fraction': 0.6964285714285714, 'max_call_gap_seconds': 480.0, 'pre_release_bars': 120, 'first_price': '2023-12-07T19:00:00+00:00', 'last_price': '2023-12-07T23:39:00+00:00'}"
AVGO_Q1_2024,AVGO,Q1 2024,2024-03-07T17:15:00-05:00,True,94,modeled,True,primary_verified,https://investors.broadcom.com/news-releases/news-release-details/broadcom-inc-announces-first-quarter-fiscal-year-2024-financial,https://www.marketbeat.com/earnings/reports/2024-3-7-broadcom-inc-stock/,huggingface-ggaddam-finnhub-1m,https://huggingface.co/datasets/ggaddam/OHLCV-1m/blob/main/data/ohlcv_2024-03.parquet,QQQ,
AVGO_Q2_2024,AVGO,Q2 2024,2024-06-12T17:00:00-04:00,True,102,modeled,True,source_reported_unverified,https://www.marketbeat.com/earnings/reports/2024-6-12-broadcom-inc-stock/,https://www.marketbeat.com/earnings/reports/2024-6-12-broadcom-inc-stock/,huggingface-ggaddam-finnhub-1m,https://huggingface.co/datasets/ggaddam/OHLCV-1m/blob/main/data/ohlcv_2024-06.parquet,QQQ,
AVGO_Q3_2024,AVGO,Q3 2024,2024-09-05T17:00:00-04:00,True,102,failed_coverage_or_model,,source_reported_unverified,https://www.marketbeat.com/earnings/reports/2024-9-5-broadcom-inc-stock/,https://www.marketbeat.com/earnings/reports/2024-9-5-broadcom-inc-stock/,none,,QQQ,"SPY insufficient coverage: {'call_bars': 28, 'expected_call_minutes': 57, 'coverage_fraction': 0.49122807017543857, 'max_call_gap_seconds': 600.0, 'pre_release_bars': 120, 'first_price': '2024-09-05T18:00:00+00:00', 'last_price': '2024-09-05T22:41:00+00:00'}"
AVGO_Q4_2024,AVGO,Q4 2024,2024-12-12T17:00:00-05:00,True,96,modeled,True,source_reported_unverified,https://www.marketbeat.com/earnings/reports/2024-12-12-broadcom-inc-stock/,https://www.marketbeat.com/earnings/reports/2024-12-12-broadcom-inc-stock/,huggingface-ggaddam-finnhub-1m,https://huggingface.co/datasets/ggaddam/OHLCV-1m/blob/main/data/ohlcv_2024-12.parquet,QQQ,
AVGO_Q1_2025,AVGO,Q1 2025,2025-03-06T17:00:00-05:00,True,104,modeled,True,source_reported_unverified,https://www.marketbeat.com/earnings/reports/2025-3-6-broadcom-inc-stock/,https://www.marketbeat.com/earnings/reports/2025-3-6-broadcom-inc-stock/,huggingface-ggaddam-finnhub-1m,https://huggingface.co/datasets/ggaddam/OHLCV-1m/blob/main/data/ohlcv_2025-03.parquet,QQQ,
AVGO_Q2_2025,AVGO,Q2 2025,2025-06-05T17:00:00-04:00,True,100,modeled,True,source_reported_unverified,https://www.marketbeat.com/earnings/reports/2025-6-5-broadcom-inc-stock/,https://www.marketbeat.com/earnings/reports/2025-6-5-broadcom-inc-stock/,huggingface-ggaddam-finnhub-1m,https://huggingface.co/datasets/ggaddam/OHLCV-1m/blob/main/data/ohlcv_2025-06.parquet,QQQ,
AVGO_Q3_2025,AVGO,Q3 2025,2025-09-04T17:00:00-04:00,True,99,modeled,True,source_reported_unverified,https://www.marketbeat.com/earnings/reports/2025-9-4-broadcom-inc-stock/,https://www.marketbeat.com/earnings/reports/2025-9-4-broadcom-inc-stock/,huggingface-mito0o852-finnhub-1m,https://huggingface.co/datasets/mito0o852/OHLCV-1m/blob/main/data/ohlcv_2025-09.parquet,QQQ,
AVGO_Q4_2025,AVGO,Q4 2025,2025-12-11T17:00:00-05:00,True,85,modeled,True,source_reported_unverified,https://www.marketbeat.com/earnings/reports/2025-12-11-broadcom-inc-stock/,https://www.marketbeat.com/earnings/reports/2025-12-11-broadcom-inc-stock/,huggingface-mito0o852-finnhub-1m,https://huggingface.co/datasets/mito0o852/OHLCV-1m/blob/main/data/ohlcv_2025-12.parquet,QQQ,
AVGO_Q1_2026,AVGO,Q1 2026,2026-03-04T17:00:00-05:00,True,95,modeled,True,source_reported_unverified,https://www.marketbeat.com/earnings/reports/2026-3-4-broadcom-inc-stock/,https://www.marketbeat.com/earnings/reports/2026-3-4-broadcom-inc-stock/,huggingface-mito0o852-finnhub-1m,https://huggingface.co/datasets/mito0o852/OHLCV-1m/blob/main/data/ohlcv_2026-03.parquet,QQQ,
AVGO_Q2_2026,AVGO,Q2 2026,2026-06-03T17:00:00-04:00,False,93,transcript_only,,source_reported_unverified,https://www.marketbeat.com/earnings/reports/2026-6-3-broadcom-inc-stock/,,none,,QQQ,No historical minute-price file covers this month.
AVGO_Q3_2026,AVGO,Q3 2026,2026-09-02T17:00:00-04:00,True,87,modeled,True,source_reported_unverified,https://www.marketbeat.com/earnings/reports/2026-9-2-broadcom-inc-stock/,https://www.marketbeat.com/earnings/reports/2026-9-2-broadcom-inc-stock/,yahoo-chart-1m,,QQQ,
COIN_Q1_2021,COIN,Q1 2021,2021-05-13T17:00:00-04:00,True,69,modeled,True,primary_verified,https://investor.coinbase.com/events-and-presentations/events/event-details/2021/Coinbase-First-Quarter-2021-Earnings-Call/default.aspx,https://www.marketbeat.com/earnings/reports/2021-5-13-coinbase-global-stock/,huggingface-ggaddam-finnhub-1m,https://huggingface.co/datasets/ggaddam/OHLCV-1m/blob/main/data/ohlcv_2021-05.parquet,SPY,
COIN_Q2_2021,COIN,Q2 2021,2021-08-10T17:30:00-04:00,True,58,failed_coverage_or_model,,primary_verified,https://investor.coinbase.com/events-and-presentations/events/event-details/2021/Second-Quarter-2021-Earnings-Call/default.aspx,https://www.marketbeat.com/earnings/reports/2021-8-10-coinbase-global-stock/,huggingface-ggaddam-finnhub-1m,https://huggingface.co/datasets/ggaddam/OHLCV-1m/blob/main/data/ohlcv_2021-08.parquet,QQQ,"SPY insufficient coverage: {'call_bars': 9, 'expected_call_minutes': 30, 'coverage_fraction': 0.3, 'max_call_gap_seconds': 660.0, 'pre_release_bars': 118, 'first_price': '2021-08-10T18:30:00+00:00', 'last_price': '2021-08-10T22:45:00+00:00'}"
COIN_Q3_2021,COIN,Q3 2021,2021-11-09T17:30:00-05:00,True,94,failed_coverage_or_model,,primary_verified,https://investor.coinbase.com/events-and-presentations/events/event-details/2021/Third-Quarter-2021-Earnings-Call/default.aspx,https://www.marketbeat.com/earnings/reports/2021-11-9-coinbase-global-stock/,none,,QQQ,"SPY insufficient coverage: {'call_bars': 25, 'expected_call_minutes': 47, 'coverage_fraction': 0.5319148936170213, 'max_call_gap_seconds': 360.0, 'pre_release_bars': 120, 'first_price': '2021-11-09T19:30:00+00:00', 'last_price': '2021-11-10T00:02:00+00:00'}"
COIN_Q4_2021,COIN,Q4 2021,2022-02-24T17:30:00-05:00,True,102,modeled,True,primary_verified,https://investor.coinbase.com/events-and-presentations/events/event-details/2022/Fourth-Quarter-2021-Earnings-Call/default.aspx,https://www.marketbeat.com/earnings/reports/2022-2-24-coinbase-global-stock/,huggingface-ggaddam-finnhub-1m,https://huggingface.co/datasets/ggaddam/OHLCV-1m/blob/main/data/ohlcv_2022-02.parquet,QQQ,
COIN_Q1_2022,COIN,Q1 2022,2022-05-10T17:30:00-04:00,True,93,modeled,True,primary_verified,https://investor.coinbase.com/events-and-presentations/events/event-details/2022/First-Quarter-2022-Earnings-Call/default.aspx,https://www.marketbeat.com/earnings/reports/2022-5-10-coinbase-global-stock/,huggingface-ggaddam-finnhub-1m,https://huggingface.co/datasets/ggaddam/OHLCV-1m/blob/main/data/ohlcv_2022-05.parquet,SPY,
COIN_Q2_2022,COIN,Q2 2022,2022-08-09T17:30:00-04:00,True,95,modeled,True,source_reported_unverified,https://www.marketbeat.com/earnings/reports/2022-8-9-coinbase-global-stock/,https://www.marketbeat.com/earnings/reports/2022-8-9-coinbase-global-stock/,huggingface-ggaddam-finnhub-1m,https://huggingface.co/datasets/ggaddam/OHLCV-1m/blob/main/data/ohlcv_2022-08.parquet,SPY,
COIN_Q3_2022,COIN,Q3 2022,2022-11-03T17:30:00-04:00,True,105,failed_coverage_or_model,,primary_verified,https://investor.coinbase.com/events-and-presentations/events/event-details/2022/Coinbase-Q3-2022-Earnings-Call/default.aspx,https://www.marketbeat.com/earnings/reports/2022-11-3-coinbase-global-stock/,huggingface-ggaddam-finnhub-1m,https://huggingface.co/datasets/ggaddam/OHLCV-1m/blob/main/data/ohlcv_2022-11.parquet,QQQ,"COIN insufficient coverage: {'call_bars': 26, 'expected_call_minutes': 50, 'coverage_fraction': 0.52, 'max_call_gap_seconds': 780.0, 'pre_release_bars': 120, 'first_price': '2022-11-03T18:30:00+00:00', 'last_price': '2022-11-03T23:01:00+00:00'}"
COIN_Q4_2022,COIN,Q4 2022,2023-02-21T17:30:00-05:00,True,99,modeled,True,source_reported_unverified,https://www.marketbeat.com/earnings/reports/2023-2-21-coinbase-global-stock/,https://www.marketbeat.com/earnings/reports/2023-2-21-coinbase-global-stock/,huggingface-ggaddam-finnhub-1m,https://huggingface.co/datasets/ggaddam/OHLCV-1m/blob/main/data/ohlcv_2023-02.parquet,QQQ,
COIN_Q1_2023,COIN,Q1 2023,2023-05-04T17:30:00-04:00,True,88,modeled,True,source_reported_unverified,https://www.marketbeat.com/earnings/reports/2023-5-4-coinbase-global-stock/,https://www.marketbeat.com/earnings/reports/2023-5-4-coinbase-global-stock/,huggingface-ggaddam-finnhub-1m,https://huggingface.co/datasets/ggaddam/OHLCV-1m/blob/main/data/ohlcv_2023-05.parquet,QQQ,
COIN_Q2_2023,COIN,Q2 2023,2023-08-03T17:30:00-04:00,True,92,modeled,True,source_reported_unverified,https://www.marketbeat.com/earnings/reports/2023-8-3-coinbase-global-stock/,https://www.marketbeat.com/earnings/reports/2023-8-3-coinbase-global-stock/,huggingface-ggaddam-finnhub-1m,https://huggingface.co/datasets/ggaddam/OHLCV-1m/blob/main/data/ohlcv_2023-08.parquet,QQQ,
COIN_Q3_2023,COIN,Q3 2023,2023-11-02T17:30:00-04:00,True,85,modeled,True,source_reported_unverified,https://www.marketbeat.com/earnings/reports/2023-11-2-coinbase-global-stock/,https://www.marketbeat.com/earnings/reports/2023-11-2-coinbase-global-stock/,huggingface-ggaddam-finnhub-1m,https://huggingface.co/datasets/ggaddam/OHLCV-1m/blob/main/data/ohlcv_2023-11.parquet,QQQ,
COIN_Q4_2023,COIN,Q4 2023,2024-02-15T17:30:00-05:00,True,91,failed_coverage_or_model,,source_reported_unverified,https://www.marketbeat.com/earnings/reports/2024-2-15-coinbase-global-stock/,https://www.marketbeat.com/earnings/reports/2024-2-15-coinbase-global-stock/,none,,QQQ,"SPY insufficient coverage: {'call_bars': 29, 'expected_call_minutes': 46, 'coverage_fraction': 0.6304347826086957, 'max_call_gap_seconds': 272.0, 'pre_release_bars': 120, 'first_price': '2024-02-15T19:30:00+00:00', 'last_price': '2024-02-16T00:01:00+00:00'}"
COIN_Q1_2024,COIN,Q1 2024,2024-05-02T17:30:00-04:00,True,80,modeled,True,source_reported_unverified,https://www.marketbeat.com/earnings/reports/2024-5-2-coinbase-global-stock/,https://www.marketbeat.com/earnings/reports/2024-5-2-coinbase-global-stock/,huggingface-ggaddam-finnhub-1m,https://huggingface.co/datasets/ggaddam/OHLCV-1m/blob/main/data/ohlcv_2024-05.parquet,QQQ,
COIN_Q2_2024,COIN,Q2 2024,2024-08-01T17:30:00-04:00,True,157,failed_coverage_or_model,,source_reported_unverified,https://www.marketbeat.com/earnings/reports/2024-8-1-coinbase-global-stock/,https://www.marketbeat.com/earnings/reports/2024-8-1-coinbase-global-stock/,none,,QQQ,"COIN insufficient coverage: {'call_bars': 46, 'expected_call_minutes': 79, 'coverage_fraction': 0.5822784810126582, 'max_call_gap_seconds': 360.0, 'pre_release_bars': 120, 'first_price': '2024-08-01T18:30:00+00:00', 'last_price': '2024-08-01T23:30:00+00:00'}"
COIN_Q3_2024,COIN,Q3 2024,2024-10-30T17:30:00-04:00,True,88,modeled,True,source_reported_unverified,https://www.marketbeat.com/earnings/reports/2024-10-30-coinbase-global-stock/,https://www.marketbeat.com/earnings/reports/2024-10-30-coinbase-global-stock/,huggingface-ggaddam-finnhub-1m,https://huggingface.co/datasets/ggaddam/OHLCV-1m/blob/main/data/ohlcv_2024-10.parquet,QQQ,
COIN_Q4_2024,COIN,Q4 2024,2025-02-13T17:30:00-05:00,True,96,failed_coverage_or_model,,source_reported_unverified,https://www.marketbeat.com/earnings/reports/2025-2-13-coinbase-global-stock/,https://www.marketbeat.com/earnings/reports/2025-2-13-coinbase-global-stock/,none,,QQQ,"SPY insufficient coverage: {'call_bars': 29, 'expected_call_minutes': 50, 'coverage_fraction': 0.58, 'max_call_gap_seconds': 300.0, 'pre_release_bars': 120, 'first_price': '2025-02-13T19:30:00+00:00', 'last_price': '2025-02-14T00:03:00+00:00'}"
COIN_Q1_2025,COIN,Q1 2025,2025-05-08T17:30:00-04:00,True,84,modeled,True,source_reported_unverified,https://www.marketbeat.com/earnings/reports/2025-5-8-coinbase-global-stock/,https://www.marketbeat.com/earnings/reports/2025-5-8-coinbase-global-stock/,huggingface-ggaddam-finnhub-1m,https://huggingface.co/datasets/ggaddam/OHLCV-1m/blob/main/data/ohlcv_2025-05.parquet,SPY,
COIN_Q2_2025,COIN,Q2 2025,2025-07-31T17:30:00-04:00,True,94,modeled,True,source_reported_unverified,https://www.marketbeat.com/earnings/reports/2025-7-31-coinbase-global-stock/,https://www.marketbeat.com/earnings/reports/2025-7-31-coinbase-global-stock/,huggingface-ggaddam-finnhub-1m,https://huggingface.co/datasets/ggaddam/OHLCV-1m/blob/main/data/ohlcv_2025-07.parquet,SPY,
COIN_Q3_2025,COIN,Q3 2025,2025-10-30T17:30:00-04:00,True,93,failed_coverage_or_model,,source_reported_unverified,https://www.marketbeat.com/earnings/reports/2025-10-30-coinbase-global-stock/,https://www.marketbeat.com/earnings/reports/2025-10-30-coinbase-global-stock/,none,,QQQ,"COIN insufficient coverage: {'call_bars': 24, 'expected_call_minutes': 46, 'coverage_fraction': 0.5217391304347826, 'max_call_gap_seconds': 300.0, 'pre_release_bars': 120, 'first_price': '2025-10-30T18:30:00+00:00', 'last_price': '2025-10-30T22:45:00+00:00'}"
COIN_Q4_2025,COIN,Q4 2025,2026-02-12T17:30:00-05:00,True,77,modeled,True,source_reported_unverified,https://www.marketbeat.com/earnings/reports/2026-2-12-coinbase-global-stock/,https://www.marketbeat.com/earnings/reports/2026-2-12-coinbase-global-stock/,huggingface-mito0o852-finnhub-1m,https://huggingface.co/datasets/mito0o852/OHLCV-1m/blob/main/data/ohlcv_2026-02.parquet,QQQ,
COIN_Q1_2026,COIN,Q1 2026,2026-05-07T17:30:00-04:00,True,73,transcript_only,,source_reported_unverified,https://www.marketbeat.com/earnings/reports/2026-5-7-coinbase-global-stock/,https://www.marketbeat.com/earnings/reports/2026-5-7-coinbase-global-stock/,none,,QQQ,No historical minute-price file covers this month.
COIN_Q2_2026,COIN,Q2 2026,2026-07-30T17:00:00-04:00,False,72,existing_model_preserved,,source_reported_unverified,https://www.marketbeat.com/earnings/reports/2026-7-30-coinbase-global-stock/,,yahoo-chart-2m,,QQQ,
CRWD_Q4_2020,CRWD,Q4 2020,2020-03-19T17:00:00-04:00,True,116,modeled,True,source_reported_unverified,https://www.marketbeat.com/earnings/reports/2020-3-19-crowdstrike-holdings-inc-stock/,https://www.marketbeat.com/earnings/reports/2020-3-19-crowdstrike-holdings-inc-stock/,huggingface-ggaddam-finnhub-1m,https://huggingface.co/datasets/ggaddam/OHLCV-1m/blob/main/data/ohlcv_2020-03.parquet,QQQ,
CRWD_Q1_2021,CRWD,Q1 2021,2020-06-02T17:00:00-04:00,True,116,modeled,True,primary_verified,https://ir.crowdstrike.com/news-releases/news-release-details/crowdstrike-reports-fiscal-first-quarter-2021-financial-results?aff_unique2=unknown&code=unknown,https://www.marketbeat.com/earnings/reports/2020-6-2-crowdstrike-holdings-inc-stock/,huggingface-ggaddam-finnhub-1m,https://huggingface.co/datasets/ggaddam/OHLCV-1m/blob/main/data/ohlcv_2020-06.parquet,SPY,
CRWD_Q2_2021,CRWD,Q2 2021,2020-09-02T17:00:00-04:00,True,126,modeled,True,primary_verified,https://ir.crowdstrike.com/news-releases/news-release-details/crowdstrike-announces-date-fiscal-second-quarter-2021-financial/,https://www.marketbeat.com/earnings/reports/2020-9-2-crowdstrike-holdings-inc-stock/,huggingface-ggaddam-finnhub-1m,https://huggingface.co/datasets/ggaddam/OHLCV-1m/blob/main/data/ohlcv_2020-09.parquet,SPY,
CRWD_Q3_2021,CRWD,Q3 2021,2020-12-02T17:00:00-05:00,True,111,failed_coverage_or_model,,primary_verified,https://ir.crowdstrike.com/news-releases/news-release-details/crowdstrike-announces-date-fiscal-third-quarter-2021-financial/,https://www.marketbeat.com/earnings/reports/2020-12-2-crowdstrike-holdings-inc-stock/,none,,QQQ,"SPY insufficient coverage: {'call_bars': 37, 'expected_call_minutes': 57, 'coverage_fraction': 0.6491228070175439, 'max_call_gap_seconds': 300.0, 'pre_release_bars': 120, 'first_price': '2020-12-02T19:00:00+00:00', 'last_price': '2020-12-02T23:42:00+00:00'}"
CRWD_Q4_2021,CRWD,Q4 2021,2021-03-16T17:00:00-04:00,True,102,modeled,True,primary_verified,https://ir.crowdstrike.com/news-releases/news-release-details/crowdstrike-reports-fourth-quarter-and-fiscal-year-2021,https://www.marketbeat.com/earnings/reports/2021-3-16-crowdstrike-holdings-inc-stock/,huggingface-ggaddam-finnhub-1m,https://huggingface.co/datasets/ggaddam/OHLCV-1m/blob/main/data/ohlcv_2021-03.parquet,SPY,
CRWD_Q1_2022,CRWD,Q1 2022,2021-06-03T17:00:00-04:00,True,102,failed_coverage_or_model,,primary_verified,https://ir.crowdstrike.com/news-releases/news-release-details/crowdstrike-reports-first-quarter-fiscal-year-2022-financial,https://www.marketbeat.com/earnings/reports/2021-6-3-crowdstrike-holdings-inc-stock/,huggingface-ggaddam-finnhub-1m,https://huggingface.co/datasets/ggaddam/OHLCV-1m/blob/main/data/ohlcv_2021-06.parquet,QQQ,"CRWD insufficient coverage: {'call_bars': 31, 'expected_call_minutes': 60, 'coverage_fraction': 0.5166666666666667, 'max_call_gap_seconds': 660.0, 'pre_release_bars': 119, 'first_price': '2021-06-03T18:00:00+00:00', 'last_price': '2021-06-03T22:44:00+00:00'}"
CRWD_Q2_2022,CRWD,Q2 2022,2021-08-31T17:00:00-04:00,True,111,failed_coverage_or_model,,primary_verified,https://ir.crowdstrike.com/news-releases/news-release-details/crowdstrike-reports-second-quarter-fiscal-year-2022-financial/,https://www.marketbeat.com/earnings/reports/2021-8-31-crowdstrike-holdings-inc-stock/,none,,QQQ,CRWD duplicate price timestamps
CRWD_Q3_2022,CRWD,Q3 2022,2021-12-01T17:00:00-05:00,True,136,modeled,True,primary_verified,https://ir.crowdstrike.com/news-releases/news-release-details/crowdstrike-announces-date-fiscal-third-quarter-2022-financial/,https://www.marketbeat.com/earnings/reports/2021-12-1-crowdstrike-holdings-inc-stock/,huggingface-ggaddam-finnhub-1m,https://huggingface.co/datasets/ggaddam/OHLCV-1m/blob/main/data/ohlcv_2021-12.parquet,QQQ,
CRWD_Q4_2022,CRWD,Q4 2022,2022-03-09T17:00:00-05:00,True,109,modeled,True,primary_verified,https://ir.crowdstrike.com/news-releases/news-release-details/crowdstrike-announces-date-fourth-quarter-and-fiscal-year-2022/,https://www.marketbeat.com/earnings/reports/2022-3-9-crowdstrike-holdings-inc-stock/,huggingface-ggaddam-finnhub-1m,https://huggingface.co/datasets/ggaddam/OHLCV-1m/blob/main/data/ohlcv_2022-03.parquet,QQQ,
CRWD_Q1_2023,CRWD,Q1 2023,2022-06-02T17:00:00-04:00,True,103,modeled,True,primary_verified,https://ir.crowdstrike.com/news-releases/news-release-details/crowdstrike-announces-date-fiscal-first-quarter-2023-financial/,https://www.marketbeat.com/earnings/reports/2022-6-2-crowdstrike-holdings-inc-stock/,huggingface-ggaddam-finnhub-1m,https://huggingface.co/datasets/ggaddam/OHLCV-1m/blob/main/data/ohlcv_2022-06.parquet,QQQ,
CRWD_Q2_2023,CRWD,Q2 2023,2022-08-30T17:00:00-04:00,True,104,failed_coverage_or_model,,primary_verified,https://ir.crowdstrike.com/news-releases/news-release-details/crowdstrike-announces-date-fiscal-second-quarter-2023-financial/,https://www.marketbeat.com/earnings/reports/2022-8-30-crowdstrike-holdings-inc-stock/,none,,QQQ,"SPY insufficient coverage: {'call_bars': 31, 'expected_call_minutes': 60, 'coverage_fraction': 0.5166666666666667, 'max_call_gap_seconds': 420.0, 'pre_release_bars': 120, 'first_price': '2022-08-30T18:00:00+00:00', 'last_price': '2022-08-30T22:43:00+00:00'}"
CRWD_Q3_2023,CRWD,Q3 2023,2022-11-29T17:00:00-05:00,True,98,failed_coverage_or_model,,source_reported_unverified,https://www.marketbeat.com/earnings/reports/2022-11-29-crowdstrike-holdings-inc-stock/,https://www.marketbeat.com/earnings/reports/2022-11-29-crowdstrike-holdings-inc-stock/,none,,QQQ,"SPY insufficient coverage: {'call_bars': 36, 'expected_call_minutes': 57, 'coverage_fraction': 0.631578947368421, 'max_call_gap_seconds': 360.0, 'pre_release_bars': 120, 'first_price': '2022-11-29T19:00:00+00:00', 'last_price': '2022-11-29T23:40:00+00:00'}"
CRWD_Q4_2023,CRWD,Q4 2023,2023-03-07T17:00:00-05:00,True,102,failed_coverage_or_model,,source_reported_unverified,https://www.marketbeat.com/earnings/reports/2023-3-7-crowdstrike-holdings-inc-stock/,https://www.marketbeat.com/earnings/reports/2023-3-7-crowdstrike-holdings-inc-stock/,none,,QQQ,"SPY insufficient coverage: {'call_bars': 27, 'expected_call_minutes': 57, 'coverage_fraction': 0.47368421052631576, 'max_call_gap_seconds': 480.0, 'pre_release_bars': 120, 'first_price': '2023-03-07T19:00:00+00:00', 'last_price': '2023-03-07T23:41:00+00:00'}"
CRWD_Q1_2024,CRWD,Q1 2024,2023-05-31T17:00:00-04:00,True,106,failed_coverage_or_model,,source_reported_unverified,https://www.marketbeat.com/earnings/reports/2023-5-31-crowdstrike-holdings-inc-stock/,https://www.marketbeat.com/earnings/reports/2023-5-31-crowdstrike-holdings-inc-stock/,none,,QQQ,CRWD duplicate price timestamps
CRWD_Q2_2024,CRWD,Q2 2024,2023-08-30T17:00:00-04:00,True,100,failed_coverage_or_model,,source_reported_unverified,https://www.marketbeat.com/earnings/reports/2023-8-30-crowdstrike-holdings-inc-stock/,https://www.marketbeat.com/earnings/reports/2023-8-30-crowdstrike-holdings-inc-stock/,none,,QQQ,"SPY insufficient coverage: {'call_bars': 29, 'expected_call_minutes': 59, 'coverage_fraction': 0.4915254237288136, 'max_call_gap_seconds': 420.0, 'pre_release_bars': 120, 'first_price': '2023-08-30T18:00:00+00:00', 'last_price': '2023-08-30T22:42:00+00:00'}"
CRWD_Q3_2024,CRWD,Q3 2024,2023-11-28T17:00:00-05:00,True,100,failed_coverage_or_model,,source_reported_unverified,https://www.marketbeat.com/earnings/reports/2023-11-28-crowdstrike-holdings-inc-stock/,https://www.marketbeat.com/earnings/reports/2023-11-28-crowdstrike-holdings-inc-stock/,none,,QQQ,"SPY insufficient coverage: {'call_bars': 21, 'expected_call_minutes': 59, 'coverage_fraction': 0.3559322033898305, 'max_call_gap_seconds': 540.0, 'pre_release_bars': 120, 'first_price': '2023-11-28T19:00:00+00:00', 'last_price': '2023-11-28T23:44:00+00:00'}"
CRWD_Q4_2024,CRWD,Q4 2024,2024-03-05T17:00:00-05:00,True,92,modeled,True,source_reported_unverified,https://www.marketbeat.com/earnings/reports/2024-3-5-crowdstrike-holdings-inc-stock/,https://www.marketbeat.com/earnings/reports/2024-3-5-crowdstrike-holdings-inc-stock/,huggingface-ggaddam-finnhub-1m,https://huggingface.co/datasets/ggaddam/OHLCV-1m/blob/main/data/ohlcv_2024-03.parquet,QQQ,
CRWD_Q1_2025,CRWD,Q1 2025,2024-06-04T17:00:00-04:00,True,94,failed_coverage_or_model,,source_reported_unverified,https://www.marketbeat.com/earnings/reports/2024-6-4-crowdstrike-holdings-inc-stock/,https://www.marketbeat.com/earnings/reports/2024-6-4-crowdstrike-holdings-inc-stock/,none,,QQQ,"SPY insufficient coverage: {'call_bars': 32, 'expected_call_minutes': 62, 'coverage_fraction': 0.5161290322580645, 'max_call_gap_seconds': 360.0, 'pre_release_bars': 120, 'first_price': '2024-06-04T18:00:00+00:00', 'last_price': '2024-06-04T22:47:00+00:00'}"
CRWD_Q2_2025,CRWD,Q2 2025,2024-08-28T17:00:00-04:00,True,96,modeled,True,source_reported_unverified,https://www.marketbeat.com/earnings/reports/2024-8-28-crowdstrike-holdings-inc-stock/,https://www.marketbeat.com/earnings/reports/2024-8-28-crowdstrike-holdings-inc-stock/,huggingface-ggaddam-finnhub-1m,https://huggingface.co/datasets/ggaddam/OHLCV-1m/blob/main/data/ohlcv_2024-08.parquet,QQQ,
CRWD_Q3_2025,CRWD,Q3 2025,2024-11-26T17:00:00-05:00,True,107,failed_coverage_or_model,,source_reported_unverified,https://www.marketbeat.com/earnings/reports/2024-11-26-crowdstrike-holdings-inc-stock/,https://www.marketbeat.com/earnings/reports/2024-11-26-crowdstrike-holdings-inc-stock/,none,,QQQ,"SPY insufficient coverage: {'call_bars': 33, 'expected_call_minutes': 60, 'coverage_fraction': 0.55, 'max_call_gap_seconds': 300.0, 'pre_release_bars': 102, 'first_price': '2024-11-26T19:00:00+00:00', 'last_price': '2024-11-26T23:45:00+00:00'}"
CRWD_Q4_2025,CRWD,Q4 2025,2025-03-04T17:00:00-05:00,True,143,modeled,True,source_reported_unverified,https://www.marketbeat.com/earnings/reports/2025-3-4-crowdstrike-holdings-inc-stock/,https://www.marketbeat.com/earnings/reports/2025-3-4-crowdstrike-holdings-inc-stock/,huggingface-ggaddam-finnhub-1m,https://huggingface.co/datasets/ggaddam/OHLCV-1m/blob/main/data/ohlcv_2025-03.parquet,QQQ,
CRWD_Q1_2026,CRWD,Q1 2026,2025-06-03T17:00:00-04:00,True,113,failed_coverage_or_model,,source_reported_unverified,https://www.marketbeat.com/earnings/reports/2025-6-3-crowdstrike-holdings-inc-stock/,https://www.marketbeat.com/earnings/reports/2025-6-3-crowdstrike-holdings-inc-stock/,none,,QQQ,"SPY insufficient coverage: {'call_bars': 22, 'expected_call_minutes': 53, 'coverage_fraction': 0.41509433962264153, 'max_call_gap_seconds': 840.0, 'pre_release_bars': 120, 'first_price': '2025-06-03T18:00:00+00:00', 'last_price': '2025-06-03T22:37:00+00:00'}"
CRWD_Q2_2026,CRWD,Q2 2026,2025-08-27T17:00:00-04:00,True,107,modeled,True,source_reported_unverified,https://www.marketbeat.com/earnings/reports/2025-8-27-crowdstrike-holdings-inc-stock/,https://www.marketbeat.com/earnings/reports/2025-8-27-crowdstrike-holdings-inc-stock/,huggingface-mito0o852-finnhub-1m,https://huggingface.co/datasets/mito0o852/OHLCV-1m/blob/main/data/ohlcv_2025-08.parquet,QQQ,
CRWD_Q3_2026,CRWD,Q3 2026,2025-12-02T17:00:00-05:00,True,112,modeled,True,source_reported_unverified,https://www.marketbeat.com/earnings/reports/2025-12-3-crowdstrike-holdings-inc-stock/,https://www.marketbeat.com/earnings/reports/2025-12-3-crowdstrike-holdings-inc-stock/,huggingface-mito0o852-finnhub-1m,https://huggingface.co/datasets/mito0o852/OHLCV-1m/blob/main/data/ohlcv_2025-12.parquet,QQQ,
CRWD_Q4_2026,CRWD,Q4 2026,2026-03-03T17:00:00-05:00,True,99,modeled,True,source_reported_unverified,https://www.marketbeat.com/earnings/reports/2026-3-3-crowdstrike-holdings-inc-stock/,https://www.marketbeat.com/earnings/reports/2026-3-3-crowdstrike-holdings-inc-stock/,huggingface-mito0o852-finnhub-1m,https://huggingface.co/datasets/mito0o852/OHLCV-1m/blob/main/data/ohlcv_2026-03.parquet,SPY,
CRWD_Q1_2027,CRWD,Q1 2027,2026-06-03T17:00:00-04:00,True,100,transcript_only,,source_reported_unverified,https://www.marketbeat.com/earnings/reports/2026-6-4-crowdstrike-holdings-inc-stock/,https://www.marketbeat.com/earnings/reports/2026-6-4-crowdstrike-holdings-inc-stock/,none,,QQQ,No historical minute-price file covers this month.
CRWD_Q2_2027,CRWD,Q2 2027,2026-08-26T17:00:00-04:00,False,103,existing_model_preserved,,source_reported_unverified,https://www.marketbeat.com/earnings/reports/2026-8-26-crowdstrike-holdings-inc-stock/,,yahoo-chart-1m,,QQQ,
MU_Q2_2020,MU,Q2 2020,2020-03-25T16:30:00-04:00,True,182,modeled,True,source_reported_unverified,https://www.marketbeat.com/earnings/reports/2020-3-25-micron-technology-inc-stock/,https://www.marketbeat.com/earnings/reports/2020-3-25-micron-technology-inc-stock/,huggingface-ggaddam-finnhub-1m,https://huggingface.co/datasets/ggaddam/OHLCV-1m/blob/main/data/ohlcv_2020-03.parquet,QQQ,
MU_Q3_2020,MU,Q3 2020,2020-06-29T16:30:00-04:00,True,107,modeled,True,source_reported_unverified,https://www.marketbeat.com/earnings/reports/2020-6-29-micron-technology-inc-stock/,https://www.marketbeat.com/earnings/reports/2020-6-29-micron-technology-inc-stock/,huggingface-ggaddam-finnhub-1m,https://huggingface.co/datasets/ggaddam/OHLCV-1m/blob/main/data/ohlcv_2020-06.parquet,QQQ,
MU_Q4_2020,MU,Q4 2020,2020-09-29T16:30:00-04:00,True,123,modeled,True,source_reported_unverified,https://www.marketbeat.com/earnings/reports/2020-9-29-micron-technology-inc-stock/,https://www.marketbeat.com/earnings/reports/2020-9-29-micron-technology-inc-stock/,huggingface-ggaddam-finnhub-1m,https://huggingface.co/datasets/ggaddam/OHLCV-1m/blob/main/data/ohlcv_2020-09.parquet,QQQ,
MU_Q1_2021,MU,Q1 2021,2021-01-07T16:30:00-05:00,True,128,modeled,True,source_reported_unverified,https://www.marketbeat.com/earnings/reports/2021-1-7-micron-technology-inc-stock/,https://www.marketbeat.com/earnings/reports/2021-1-7-micron-technology-inc-stock/,huggingface-ggaddam-finnhub-1m,https://huggingface.co/datasets/ggaddam/OHLCV-1m/blob/main/data/ohlcv_2021-01.parquet,QQQ,
MU_Q2_2021,MU,Q2 2021,2021-03-31T16:00:00-04:00,True,95,modeled,True,source_reported_unverified,https://www.marketbeat.com/earnings/reports/2021-3-31-micron-technology-inc-stock/,https://www.marketbeat.com/earnings/reports/2021-3-31-micron-technology-inc-stock/,huggingface-ggaddam-finnhub-1m,https://huggingface.co/datasets/ggaddam/OHLCV-1m/blob/main/data/ohlcv_2021-03.parquet,QQQ,
MU_Q3_2021,MU,Q3 2021,2021-06-30T16:00:00-04:00,True,175,modeled,True,source_reported_unverified,https://www.marketbeat.com/earnings/reports/2021-6-30-micron-technology-inc-stock/,https://www.marketbeat.com/earnings/reports/2021-6-30-micron-technology-inc-stock/,huggingface-ggaddam-finnhub-1m,https://huggingface.co/datasets/ggaddam/OHLCV-1m/blob/main/data/ohlcv_2021-06.parquet,QQQ,
MU_Q4_2021,MU,Q4 2021,2021-09-28T16:30:00-04:00,True,102,modeled,True,primary_verified,https://investors.micron.com/news/press-release/2021/Micron-Technology-to-Report-Fiscal-Fourth-Quarter-Results-on-September-28-2021-08-31-2021/default.aspx,https://www.marketbeat.com/earnings/reports/2021-9-28-micron-technology-inc-stock/,huggingface-ggaddam-finnhub-1m,https://huggingface.co/datasets/ggaddam/OHLCV-1m/blob/main/data/ohlcv_2021-09.parquet,QQQ,
MU_Q1_2022,MU,Q1 2022,2021-12-20T16:30:00-05:00,True,107,modeled,True,primary_verified,https://investors.micron.com/news/press-release/2021/Micron-Technology-Inc--Reports-Results-for-the-First-Quarter-of-Fiscal-2022-12-20-2021/default.aspx,https://www.marketbeat.com/earnings/reports/2021-12-20-micron-technology-inc-stock/,huggingface-ggaddam-finnhub-1m,https://huggingface.co/datasets/ggaddam/OHLCV-1m/blob/main/data/ohlcv_2021-12.parquet,QQQ,
MU_Q2_2022,MU,Q2 2022,2022-03-29T16:30:00-04:00,True,117,modeled,True,primary_verified,https://investors.micron.com/news/press-release/2022/Micron-Technology-Inc--Reports-Results-for-the-Second-Quarter-of-Fiscal-2022-03-29-2022/default.aspx,https://www.marketbeat.com/earnings/reports/2022-3-29-micron-technology-inc-stock/,huggingface-ggaddam-finnhub-1m,https://huggingface.co/datasets/ggaddam/OHLCV-1m/blob/main/data/ohlcv_2022-03.parquet,QQQ,
MU_Q3_2022,MU,Q3 2022,2022-06-30T16:30:00-04:00,True,103,modeled,True,primary_verified,https://investors.micron.com/news/press-release/2022/Micron-Technology-Inc--Reports-Results-for-the-Third-Quarter-of-Fiscal-2022-06-30-2022/default.aspx,https://www.marketbeat.com/earnings/reports/2022-6-30-micron-technology-inc-stock/,huggingface-ggaddam-finnhub-1m,https://huggingface.co/datasets/ggaddam/OHLCV-1m/blob/main/data/ohlcv_2022-06.parquet,QQQ,
MU_Q4_2022,MU,Q4 2022,2022-09-29T16:30:00-04:00,True,101,modeled,True,source_reported_unverified,https://www.marketbeat.com/earnings/reports/2022-9-29-micron-technology-inc-stock/,https://www.marketbeat.com/earnings/reports/2022-9-29-micron-technology-inc-stock/,huggingface-ggaddam-finnhub-1m,https://huggingface.co/datasets/ggaddam/OHLCV-1m/blob/main/data/ohlcv_2022-09.parquet,QQQ,
MU_Q1_2023,MU,Q1 2023,2022-12-21T16:30:00-05:00,True,85,modeled,True,source_reported_unverified,https://www.marketbeat.com/earnings/reports/2022-12-21-micron-technology-inc-stock/,https://www.marketbeat.com/earnings/reports/2022-12-21-micron-technology-inc-stock/,huggingface-ggaddam-finnhub-1m,https://huggingface.co/datasets/ggaddam/OHLCV-1m/blob/main/data/ohlcv_2022-12.parquet,QQQ,
MU_Q2_2023,MU,Q2 2023,2023-03-28T16:30:00-04:00,True,79,failed_coverage_or_model,,source_reported_unverified,https://www.marketbeat.com/earnings/reports/2023-3-29-micron-technology-inc-stock/,https://www.marketbeat.com/earnings/reports/2023-3-29-micron-technology-inc-stock/,none,,QQQ,"MU insufficient coverage: {'call_bars': 10, 'expected_call_minutes': 60, 'coverage_fraction': 0.16666666666666666, 'max_call_gap_seconds': 3060.0, 'pre_release_bars': 0, 'first_price': '2023-03-28T21:21:00+00:00', 'last_price': '2023-03-28T22:15:00+00:00'}"
MU_Q3_2023,MU,Q3 2023,2023-06-28T16:30:00-04:00,True,82,modeled,True,source_reported_unverified,https://www.marketbeat.com/earnings/reports/2023-6-28-micron-technology-inc-stock/,https://www.marketbeat.com/earnings/reports/2023-6-28-micron-technology-inc-stock/,huggingface-ggaddam-finnhub-1m,https://huggingface.co/datasets/ggaddam/OHLCV-1m/blob/main/data/ohlcv_2023-06.parquet,QQQ,
MU_Q4_2023,MU,Q4 2023,2023-09-27T16:30:00-04:00,True,80,modeled,True,source_reported_unverified,https://www.marketbeat.com/earnings/reports/2023-9-27-micron-technology-inc-stock/,https://www.marketbeat.com/earnings/reports/2023-9-27-micron-technology-inc-stock/,huggingface-ggaddam-finnhub-1m,https://huggingface.co/datasets/ggaddam/OHLCV-1m/blob/main/data/ohlcv_2023-09.parquet,QQQ,
MU_Q1_2024,MU,Q1 2024,2023-12-20T16:30:00-05:00,True,81,modeled,True,source_reported_unverified,https://www.marketbeat.com/earnings/reports/2023-12-20-micron-technology-inc-stock/,https://www.marketbeat.com/earnings/reports/2023-12-20-micron-technology-inc-stock/,huggingface-ggaddam-finnhub-1m,https://huggingface.co/datasets/ggaddam/OHLCV-1m/blob/main/data/ohlcv_2023-12.parquet,QQQ,
MU_Q2_2024,MU,Q2 2024,2024-03-20T16:30:00-04:00,True,79,modeled,True,source_reported_unverified,https://www.marketbeat.com/earnings/reports/2024-3-20-micron-technology-inc-stock/,https://www.marketbeat.com/earnings/reports/2024-3-20-micron-technology-inc-stock/,huggingface-ggaddam-finnhub-1m,https://huggingface.co/datasets/ggaddam/OHLCV-1m/blob/main/data/ohlcv_2024-03.parquet,QQQ,
MU_Q3_2024,MU,Q3 2024,2024-06-26T16:30:00-04:00,True,93,modeled,True,source_reported_unverified,https://www.marketbeat.com/earnings/reports/2024-6-26-micron-technology-inc-stock/,https://www.marketbeat.com/earnings/reports/2024-6-26-micron-technology-inc-stock/,huggingface-ggaddam-finnhub-1m,https://huggingface.co/datasets/ggaddam/OHLCV-1m/blob/main/data/ohlcv_2024-06.parquet,QQQ,
MU_Q4_2024,MU,Q4 2024,2024-09-25T16:30:00-04:00,True,83,modeled,True,source_reported_unverified,https://www.marketbeat.com/earnings/reports/2024-9-25-micron-technology-inc-stock/,https://www.marketbeat.com/earnings/reports/2024-9-25-micron-technology-inc-stock/,huggingface-ggaddam-finnhub-1m,https://huggingface.co/datasets/ggaddam/OHLCV-1m/blob/main/data/ohlcv_2024-09.parquet,QQQ,
MU_Q1_2025,MU,Q1 2025,2024-12-18T16:30:00-05:00,True,97,modeled,True,source_reported_unverified,https://www.marketbeat.com/earnings/reports/2024-12-18-micron-technology-inc-stock/,https://www.marketbeat.com/earnings/reports/2024-12-18-micron-technology-inc-stock/,huggingface-ggaddam-finnhub-1m,https://huggingface.co/datasets/ggaddam/OHLCV-1m/blob/main/data/ohlcv_2024-12.parquet,QQQ,
MU_Q2_2025,MU,Q2 2025,2025-03-20T16:30:00-04:00,True,101,modeled,True,source_reported_unverified,https://www.marketbeat.com/earnings/reports/2025-3-20-micron-technology-inc-stock/,https://www.marketbeat.com/earnings/reports/2025-3-20-micron-technology-inc-stock/,huggingface-ggaddam-finnhub-1m,https://huggingface.co/datasets/ggaddam/OHLCV-1m/blob/main/data/ohlcv_2025-03.parquet,QQQ,
MU_Q3_2025,MU,Q3 2025,2025-06-25T16:30:00-04:00,True,92,modeled,True,source_reported_unverified,https://www.marketbeat.com/earnings/reports/2025-6-25-micron-technology-inc-stock/,https://www.marketbeat.com/earnings/reports/2025-6-25-micron-technology-inc-stock/,huggingface-ggaddam-finnhub-1m,https://huggingface.co/datasets/ggaddam/OHLCV-1m/blob/main/data/ohlcv_2025-06.parquet,QQQ,
MU_Q4_2025,MU,Q4 2025,2025-09-23T16:30:00-04:00,True,72,modeled,True,source_reported_unverified,https://www.marketbeat.com/earnings/reports/2025-9-23-micron-technology-inc-stock/,https://www.marketbeat.com/earnings/reports/2025-9-23-micron-technology-inc-stock/,huggingface-mito0o852-finnhub-1m,https://huggingface.co/datasets/mito0o852/OHLCV-1m/blob/main/data/ohlcv_2025-09.parquet,QQQ,
MU_Q1_2026,MU,Q1 2026,2025-12-17T16:30:00-05:00,True,119,modeled,True,source_reported_unverified,https://www.marketbeat.com/earnings/reports/2025-12-17-micron-technology-inc-stock/,https://www.marketbeat.com/earnings/reports/2025-12-17-micron-technology-inc-stock/,huggingface-mito0o852-finnhub-1m,https://huggingface.co/datasets/mito0o852/OHLCV-1m/blob/main/data/ohlcv_2025-12.parquet,QQQ,
MU_Q2_2026,MU,Q2 2026,2026-03-18T16:30:00-04:00,True,93,modeled,True,source_reported_unverified,https://www.marketbeat.com/earnings/reports/2026-3-18-micron-technology-inc-stock/,https://www.marketbeat.com/earnings/reports/2026-3-18-micron-technology-inc-stock/,huggingface-mito0o852-finnhub-1m,https://huggingface.co/datasets/mito0o852/OHLCV-1m/blob/main/data/ohlcv_2026-03.parquet,QQQ,
MU_Q3_2026,MU,Q3 2026,2026-06-24T16:30:00-04:00,False,68,transcript_only,,source_reported_unverified,https://www.marketbeat.com/earnings/reports/2026-6-24-micron-technology-inc-stock/,,none,,QQQ,No historical minute-price file covers this month.
NVDA_Q4_2020,NVDA,Q4 2020,2020-02-13T17:30:00-05:00,True,96,modeled,True,primary_verified,https://nvidianews.nvidia.com/news/nvidia-announces-financial-results-for-fourth-quarter-and-fiscal-2020,https://www.marketbeat.com/earnings/reports/2020-2-13-nvidia-co-stock/,huggingface-ggaddam-finnhub-1m,https://huggingface.co/datasets/ggaddam/OHLCV-1m/blob/main/data/ohlcv_2020-02.parquet,SPY,
NVDA_Q1_2021,NVDA,Q1 2021,2020-05-21T17:30:00-04:00,True,144,modeled,True,primary_verified,https://nvidianews.nvidia.com/news/nvidia-announces-financial-results-for-first-quarter-fiscal-2021,https://www.marketbeat.com/earnings/reports/2020-5-21-nvidia-co-stock/,huggingface-ggaddam-finnhub-1m,https://huggingface.co/datasets/ggaddam/OHLCV-1m/blob/main/data/ohlcv_2020-05.parquet,SPY,
NVDA_Q2_2021,NVDA,Q2 2021,2020-08-19T17:00:00-04:00,True,95,failed_coverage_or_model,,primary_verified,https://nvidianews.nvidia.com/news/nvidia-announces-financial-results-for-second-quarter-fiscal-2021,https://www.marketbeat.com/earnings/reports/2020-8-19-nvidia-co-stock/,none,,QQQ,"SPY insufficient coverage: {'call_bars': 42, 'expected_call_minutes': 61, 'coverage_fraction': 0.6885245901639344, 'max_call_gap_seconds': 360.0, 'pre_release_bars': 120, 'first_price': '2020-08-19T18:00:00+00:00', 'last_price': '2020-08-19T22:46:00+00:00'}"
NVDA_Q3_2021,NVDA,Q3 2021,2020-11-18T17:00:00-05:00,True,89,modeled,True,primary_verified,https://nvidianews.nvidia.com/news/nvidia-announces-financial-results-for-third-quarter-fiscal-2021,https://www.marketbeat.com/earnings/reports/2020-11-18-nvidia-co-stock/,huggingface-ggaddam-finnhub-1m,https://huggingface.co/datasets/ggaddam/OHLCV-1m/blob/main/data/ohlcv_2020-11.parquet,QQQ,
NVDA_Q4_2021,NVDA,Q4 2021,2021-02-24T17:00:00-05:00,True,76,modeled,True,primary_verified,https://nvidianews.nvidia.com/news/nvidia-sets-conference-call-for-fourth-quarter-financial-results-6832142,https://www.marketbeat.com/earnings/reports/2021-2-25-nvidia-co-stock/,huggingface-ggaddam-finnhub-1m,https://huggingface.co/datasets/ggaddam/OHLCV-1m/blob/main/data/ohlcv_2021-02.parquet,QQQ,
NVDA_Q1_2022,NVDA,Q1 2022,2021-05-26T17:00:00-04:00,True,93,failed_coverage_or_model,,primary_verified,https://nvidianews.nvidia.com/news/nvidia-announces-financial-results-for-first-quarter-fiscal-2022,https://www.marketbeat.com/earnings/reports/2021-5-26-nvidia-co-stock/,huggingface-ggaddam-finnhub-1m,https://huggingface.co/datasets/ggaddam/OHLCV-1m/blob/main/data/ohlcv_2021-05.parquet,SPY,"SPY insufficient coverage: {'call_bars': 39, 'expected_call_minutes': 65, 'coverage_fraction': 0.6, 'max_call_gap_seconds': 420.0, 'pre_release_bars': 120, 'first_price': '2021-05-26T18:00:00+00:00', 'last_price': '2021-05-26T22:49:00+00:00'}"
NVDA_Q2_2022,NVDA,Q2 2022,2021-08-18T17:00:00-04:00,True,90,failed_coverage_or_model,,primary_verified,https://nvidianews.nvidia.com/news/nvidia-announces-financial-results-for-second-quarter-fiscal-2022,https://www.marketbeat.com/earnings/reports/2021-8-18-nvidia-co-stock/,none,,QQQ,"SPY insufficient coverage: {'call_bars': 53, 'expected_call_minutes': 69, 'coverage_fraction': 0.7681159420289855, 'max_call_gap_seconds': 540.0, 'pre_release_bars': 120, 'first_price': '2021-08-18T18:00:00+00:00', 'last_price': '2021-08-18T22:54:00+00:00'}"
NVDA_Q3_2022,NVDA,Q3 2022,2021-11-17T17:00:00-05:00,True,83,failed_coverage_or_model,,primary_verified,https://nvidianews.nvidia.com/news/nvidia-announces-financial-results-for-third-quarter-fiscal-2022,https://www.marketbeat.com/earnings/reports/2021-11-17-nvidia-co-stock/,none,,QQQ,"SPY insufficient coverage: {'call_bars': 31, 'expected_call_minutes': 67, 'coverage_fraction': 0.4626865671641791, 'max_call_gap_seconds': 420.0, 'pre_release_bars': 120, 'first_price': '2021-11-17T19:00:00+00:00', 'last_price': '2021-11-17T23:52:00+00:00'}"
NVDA_Q4_2022,NVDA,Q4 2022,2022-02-16T17:30:00-05:00,True,87,modeled,True,primary_verified,https://nvidianews.nvidia.com/news/nvidia-announces-financial-results-for-fourth-quarter-and-fiscal-2022,https://www.marketbeat.com/earnings/reports/2022-2-16-nvidia-co-stock/,huggingface-ggaddam-finnhub-1m,https://huggingface.co/datasets/ggaddam/OHLCV-1m/blob/main/data/ohlcv_2022-02.parquet,QQQ,
NVDA_Q1_2023,NVDA,Q1 2023,2022-05-25T17:00:00-04:00,True,93,modeled,True,primary_verified,https://nvidianews.nvidia.com/news/nvidia-announces-financial-results-for-first-quarter-fiscal-2023,https://www.marketbeat.com/earnings/reports/2022-5-25-nvidia-co-stock/,huggingface-ggaddam-finnhub-1m,https://huggingface.co/datasets/ggaddam/OHLCV-1m/blob/main/data/ohlcv_2022-05.parquet,QQQ,
NVDA_Q2_2023,NVDA,Q2 2023,2022-08-24T17:00:00-04:00,True,98,modeled,True,primary_verified,https://nvidianews.nvidia.com/news/nvidia-announces-financial-results-for-second-quarter-fiscal-2023,https://www.marketbeat.com/earnings/reports/2022-8-24-nvidia-co-stock/,huggingface-ggaddam-finnhub-1m,https://huggingface.co/datasets/ggaddam/OHLCV-1m/blob/main/data/ohlcv_2022-08.parquet,QQQ,
NVDA_Q3_2023,NVDA,Q3 2023,2022-11-16T17:00:00-05:00,True,87,modeled,True,primary_verified,https://nvidianews.nvidia.com/news/nvidia-announces-financial-results-for-third-quarter-fiscal-2023,https://www.marketbeat.com/earnings/reports/2022-11-16-nvidia-co-stock/,huggingface-ggaddam-finnhub-1m,https://huggingface.co/datasets/ggaddam/OHLCV-1m/blob/main/data/ohlcv_2022-11.parquet,SPY,
NVDA_Q4_2023,NVDA,Q4 2023,2023-02-22T17:00:00-05:00,True,84,modeled,True,source_reported_unverified,https://www.marketbeat.com/earnings/reports/2023-2-22-nvidia-co-stock/,https://www.marketbeat.com/earnings/reports/2023-2-22-nvidia-co-stock/,huggingface-ggaddam-finnhub-1m,https://huggingface.co/datasets/ggaddam/OHLCV-1m/blob/main/data/ohlcv_2023-02.parquet,QQQ,
NVDA_Q1_2024,NVDA,Q1 2024,2023-05-24T17:00:00-04:00,True,94,modeled,True,source_reported_unverified,https://www.marketbeat.com/earnings/reports/2023-5-24-nvidia-co-stock/,https://www.marketbeat.com/earnings/reports/2023-5-24-nvidia-co-stock/,huggingface-ggaddam-finnhub-1m,https://huggingface.co/datasets/ggaddam/OHLCV-1m/blob/main/data/ohlcv_2023-05.parquet,QQQ,
NVDA_Q2_2024,NVDA,Q2 2024,2023-08-23T17:00:00-04:00,True,84,modeled,True,source_reported_unverified,https://www.marketbeat.com/earnings/reports/2023-8-23-nvidia-co-stock/,https://www.marketbeat.com/earnings/reports/2023-8-23-nvidia-co-stock/,huggingface-ggaddam-finnhub-1m,https://huggingface.co/datasets/ggaddam/OHLCV-1m/blob/main/data/ohlcv_2023-08.parquet,QQQ,
NVDA_Q3_2024,NVDA,Q3 2024,2023-11-21T17:00:00-05:00,True,87,failed_coverage_or_model,,source_reported_unverified,https://www.marketbeat.com/earnings/reports/2023-11-21-nvidia-co-stock/,https://www.marketbeat.com/earnings/reports/2023-11-21-nvidia-co-stock/,none,,QQQ,"SPY insufficient coverage: {'call_bars': 42, 'expected_call_minutes': 70, 'coverage_fraction': 0.6, 'max_call_gap_seconds': 660.0, 'pre_release_bars': 120, 'first_price': '2023-11-21T19:00:00+00:00', 'last_price': '2023-11-21T23:51:00+00:00'}"
NVDA_Q4_2024,NVDA,Q4 2024,2024-02-21T17:00:00-05:00,True,78,modeled,True,source_reported_unverified,https://www.marketbeat.com/earnings/reports/2024-2-21-nvidia-co-stock/,https://www.marketbeat.com/earnings/reports/2024-2-21-nvidia-co-stock/,huggingface-ggaddam-finnhub-1m,https://huggingface.co/datasets/ggaddam/OHLCV-1m/blob/main/data/ohlcv_2024-02.parquet,QQQ,
NVDA_Q1_2025,NVDA,Q1 2025,2024-05-22T17:00:00-04:00,True,95,modeled,True,source_reported_unverified,https://www.marketbeat.com/earnings/reports/2024-5-22-nvidia-co-stock/,https://www.marketbeat.com/earnings/reports/2024-5-22-nvidia-co-stock/,huggingface-ggaddam-finnhub-1m,https://huggingface.co/datasets/ggaddam/OHLCV-1m/blob/main/data/ohlcv_2024-05.parquet,QQQ,
NVDA_Q2_2025,NVDA,Q2 2025,2024-08-28T17:00:00-04:00,True,90,modeled,True,source_reported_unverified,https://www.marketbeat.com/earnings/reports/2024-8-28-nvidia-co-stock/,https://www.marketbeat.com/earnings/reports/2024-8-28-nvidia-co-stock/,huggingface-ggaddam-finnhub-1m,https://huggingface.co/datasets/ggaddam/OHLCV-1m/blob/main/data/ohlcv_2024-08.parquet,QQQ,
NVDA_Q3_2025,NVDA,Q3 2025,2024-11-20T17:00:00-05:00,True,94,modeled,True,source_reported_unverified,https://www.marketbeat.com/earnings/reports/2024-11-20-nvidia-co-stock/,https://www.marketbeat.com/earnings/reports/2024-11-20-nvidia-co-stock/,huggingface-ggaddam-finnhub-1m,https://huggingface.co/datasets/ggaddam/OHLCV-1m/blob/main/data/ohlcv_2024-11.parquet,QQQ,
NVDA_Q4_2025,NVDA,Q4 2025,2025-02-26T17:00:00-05:00,True,78,modeled,True,source_reported_unverified,https://www.marketbeat.com/earnings/reports/2025-2-26-nvidia-co-stock/,https://www.marketbeat.com/earnings/reports/2025-2-26-nvidia-co-stock/,huggingface-ggaddam-finnhub-1m,https://huggingface.co/datasets/ggaddam/OHLCV-1m/blob/main/data/ohlcv_2025-02.parquet,QQQ,
NVDA_Q1_2026,NVDA,Q1 2026,2025-05-28T17:00:00-04:00,True,81,modeled,True,source_reported_unverified,https://www.marketbeat.com/earnings/reports/2025-5-28-nvidia-co-stock/,https://www.marketbeat.com/earnings/reports/2025-5-28-nvidia-co-stock/,huggingface-ggaddam-finnhub-1m,https://huggingface.co/datasets/ggaddam/OHLCV-1m/blob/main/data/ohlcv_2025-05.parquet,QQQ,
NVDA_Q2_2026,NVDA,Q2 2026,2025-08-27T17:00:00-04:00,False,471,modeled,True,source_reported_unverified,https://investor.nvidia.com/events-and-presentations/events-and-presentations/event-details/2025/NVIDIA-2nd-Quarter-FY26-Financial-Results/default.aspx,https://static.events.q4inc.com/companyAssets/60463d79a87a4500081fcfd3/videos/68386bf4f82abce03c5b577a/videoRecordingLinkc3e2a388-3c17-4875-975b-45be6f9955ed.vtt,huggingface-mito0o852-finnhub-1m,https://huggingface.co/datasets/mito0o852/OHLCV-1m/blob/main/data/ohlcv_2025-08.parquet,QQQ,
NVDA_Q3_2026,NVDA,Q3 2026,2025-11-19T17:00:00-05:00,False,563,modeled,True,source_reported_unverified,https://investor.nvidia.com/events-and-presentations/events-and-presentations/event-details/2025/NVIDIA-3rd-Quarter-FY26-Financial-Results/default.aspx,https://static.events.q4inc.com/companyAssets/60463d79a87a4500081fcfd3/videos/68b067e9d929fa0fd181586c/videoRecordingLink07499229-b730-4d13-bc23-d4cfb33073e3.vtt,huggingface-mito0o852-finnhub-1m,https://huggingface.co/datasets/mito0o852/OHLCV-1m/blob/main/data/ohlcv_2025-11.parquet,QQQ,
NVDA_Q4_2026,NVDA,Q4 2026,2026-02-25T17:00:00-05:00,False,581,modeled,True,source_reported_unverified,https://investor.nvidia.com/events-and-presentations/events-and-presentations/event-details/2026/NVIDIA-4th-Quarter-FY26-Financial-Results-2026-sO6kGS3C2P/default.aspx,https://static.events.q4inc.com/companyAssets/60463d79a87a4500081fcfd3/videos/6973a18d1607690e3468a065/videoRecordingLink9a7cf54b-b9ad-4994-ad39-e3117c87ce0b.vtt,huggingface-mito0o852-finnhub-1m,https://huggingface.co/datasets/mito0o852/OHLCV-1m/blob/main/data/ohlcv_2026-02.parquet,QQQ,
NVDA_Q1_2027,NVDA,Q1 2027,2026-05-20T17:00:00-04:00,False,514,transcript_only,,source_reported_unverified,https://investor.nvidia.com/events-and-presentations/events-and-presentations/event-details/2026/NVIDIA-1st-Quarter-FY27-Financial-Results/default.aspx,https://static.events.q4inc.com/companyAssets/60463d79a87a4500081fcfd3/videos/69a0d757bb1819279c2b5c0b/videoRecordingLink9e5f1451-1685-4887-8930-9ee579c49c56.vtt,none,,MEGACAP_BASKET,No historical minute-price file covers this month.
NVDA_Q2_2027,NVDA,Q2 2027,2026-08-26T17:00:00-04:00,False,726,existing_model_preserved,,source_reported_unverified,https://attendees.events.q4inc.com/rest/v1/event/842602961,https://static.events.q4inc.com/companyAssets/60463d79a87a4500081fcfd3/videos/6a564bc4d2ccd33b979252e2/videoRecordingLink038e127e-7454-45f0-89c3-42433ab5dc77.vtt,databento-cache,,QQQ,
SNOW_Q3_2021,SNOW,Q3 2021,2020-12-02T17:00:00-05:00,True,129,failed_coverage_or_model,,primary_verified,https://www.snowflake.com/en/news/press-releases/snowflake-reports-financial-results-for-the-third-quarter-of-fiscal-2021/,https://www.marketbeat.com/earnings/reports/2020-12-2-snowflake-inc-stock/,none,,QQQ,"SPY insufficient coverage: {'call_bars': 42, 'expected_call_minutes': 64, 'coverage_fraction': 0.65625, 'max_call_gap_seconds': 300.0, 'pre_release_bars': 120, 'first_price': '2020-12-02T19:00:00+00:00', 'last_price': '2020-12-02T23:49:00+00:00'}"
SNOW_Q4_2021,SNOW,Q4 2021,2021-03-03T17:00:00-05:00,True,120,modeled,True,primary_verified,https://www.snowflake.com/en/news/press-releases/snowflake-to-announce-financial-results-for-the-fourth-quarter-and-full-year-of-fiscal-2021-on-march-3-2021/,https://www.marketbeat.com/earnings/reports/2021-3-3-snowflake-inc-stock/,huggingface-ggaddam-finnhub-1m,https://huggingface.co/datasets/ggaddam/OHLCV-1m/blob/main/data/ohlcv_2021-03.parquet,QQQ,
SNOW_Q1_2022,SNOW,Q1 2022,2021-05-26T17:00:00-04:00,True,104,failed_coverage_or_model,,primary_verified,https://www.snowflake.com/en/news/press-releases/snowflake-reports-financial-results-for-the-first-quarter-of-fiscal-2022/,https://www.marketbeat.com/earnings/reports/2021-5-26-snowflake-inc-stock/,none,,QQQ,"SPY insufficient coverage: {'call_bars': 31, 'expected_call_minutes': 51, 'coverage_fraction': 0.6078431372549019, 'max_call_gap_seconds': 420.0, 'pre_release_bars': 120, 'first_price': '2021-05-26T18:00:00+00:00', 'last_price': '2021-05-26T22:36:00+00:00'}"
SNOW_Q2_2022,SNOW,Q2 2022,2021-08-25T17:00:00-04:00,True,110,failed_coverage_or_model,,primary_verified,https://www.snowflake.com/en/news/press-releases/snowflake-reports-financial-results-for-the-second-quarter-of-fiscal-2022/,https://www.marketbeat.com/earnings/reports/2021-8-25-snowflake-inc-stock/,none,,QQQ,"SPY insufficient coverage: {'call_bars': 18, 'expected_call_minutes': 54, 'coverage_fraction': 0.3333333333333333, 'max_call_gap_seconds': 480.0, 'pre_release_bars': 120, 'first_price': '2021-08-25T18:00:00+00:00', 'last_price': '2021-08-25T22:39:00+00:00'}"
SNOW_Q3_2022,SNOW,Q3 2022,2021-12-01T17:00:00-05:00,True,143,modeled,True,primary_verified,https://www.snowflake.com/en/news/press-releases/snowflake-reports-financial-results-for-the-third-quarter-of-fiscal-2022/,https://www.marketbeat.com/earnings/reports/2021-12-1-snowflake-inc-stock/,huggingface-ggaddam-finnhub-1m,https://huggingface.co/datasets/ggaddam/OHLCV-1m/blob/main/data/ohlcv_2021-12.parquet,QQQ,
SNOW_Q4_2022,SNOW,Q4 2022,2022-03-02T17:00:00-05:00,True,143,modeled,True,primary_verified,https://www.snowflake.com/en/news/press-releases/snowflake-reports-financial-results-for-the-fourth-quarter-and-full-year-of-fiscal-2022/,https://www.marketbeat.com/earnings/reports/2022-3-2-snowflake-inc-stock/,huggingface-ggaddam-finnhub-1m,https://huggingface.co/datasets/ggaddam/OHLCV-1m/blob/main/data/ohlcv_2022-03.parquet,SPY,
SNOW_Q1_2023,SNOW,Q1 2023,2022-05-25T17:00:00-04:00,True,153,modeled,True,primary_verified,https://www.snowflake.com/en/news/press-releases/snowflake-reports-financial-results-for-the-first-quarter-of-fiscal-2023/,https://www.marketbeat.com/earnings/reports/2022-5-25-snowflake-inc-stock/,huggingface-ggaddam-finnhub-1m,https://huggingface.co/datasets/ggaddam/OHLCV-1m/blob/main/data/ohlcv_2022-05.parquet,QQQ,
SNOW_Q2_2023,SNOW,Q2 2023,2022-08-24T17:00:00-04:00,True,154,modeled,True,primary_verified,https://www.snowflake.com/en/news/press-releases/snowflake-reports-financial-results-for-the-second-quarter-of-fiscal-2023/,https://www.marketbeat.com/earnings/reports/2022-8-24-snowflake-inc-stock/,huggingface-ggaddam-finnhub-1m,https://huggingface.co/datasets/ggaddam/OHLCV-1m/blob/main/data/ohlcv_2022-08.parquet,QQQ,
SNOW_Q3_2023,SNOW,Q3 2023,2022-11-30T17:00:00-05:00,True,101,modeled,True,source_reported_unverified,https://www.marketbeat.com/earnings/reports/2022-11-30-snowflake-inc-stock/,https://www.marketbeat.com/earnings/reports/2022-11-30-snowflake-inc-stock/,huggingface-ggaddam-finnhub-1m,https://huggingface.co/datasets/ggaddam/OHLCV-1m/blob/main/data/ohlcv_2022-11.parquet,QQQ,
SNOW_Q4_2023,SNOW,Q4 2023,2023-03-01T17:00:00-05:00,True,161,modeled,True,source_reported_unverified,https://www.marketbeat.com/earnings/reports/2023-3-1-snowflake-inc-stock/,https://www.marketbeat.com/earnings/reports/2023-3-1-snowflake-inc-stock/,huggingface-ggaddam-finnhub-1m,https://huggingface.co/datasets/ggaddam/OHLCV-1m/blob/main/data/ohlcv_2023-03.parquet,QQQ,
SNOW_Q1_2024,SNOW,Q1 2024,2023-05-24T17:00:00-04:00,True,148,modeled,True,source_reported_unverified,https://www.marketbeat.com/earnings/reports/2023-5-24-snowflake-inc-stock/,https://www.marketbeat.com/earnings/reports/2023-5-24-snowflake-inc-stock/,huggingface-ggaddam-finnhub-1m,https://huggingface.co/datasets/ggaddam/OHLCV-1m/blob/main/data/ohlcv_2023-05.parquet,QQQ,
SNOW_Q2_2024,SNOW,Q2 2024,2023-08-23T17:00:00-04:00,True,138,modeled,True,source_reported_unverified,https://www.marketbeat.com/earnings/reports/2023-8-23-snowflake-inc-stock/,https://www.marketbeat.com/earnings/reports/2023-8-23-snowflake-inc-stock/,huggingface-ggaddam-finnhub-1m,https://huggingface.co/datasets/ggaddam/OHLCV-1m/blob/main/data/ohlcv_2023-08.parquet,QQQ,
SNOW_Q3_2024,SNOW,Q3 2024,2023-11-29T17:00:00-05:00,True,123,failed_coverage_or_model,,source_reported_unverified,https://www.marketbeat.com/earnings/reports/2023-11-29-snowflake-inc-stock/,https://www.marketbeat.com/earnings/reports/2023-11-29-snowflake-inc-stock/,none,,QQQ,"SPY insufficient coverage: {'call_bars': 25, 'expected_call_minutes': 51, 'coverage_fraction': 0.49019607843137253, 'max_call_gap_seconds': 540.0, 'pre_release_bars': 120, 'first_price': '2023-11-29T19:00:00+00:00', 'last_price': '2023-11-29T23:30:00+00:00'}"
SNOW_Q4_2024,SNOW,Q4 2024,2024-02-28T17:00:00-05:00,True,133,failed_coverage_or_model,,source_reported_unverified,https://www.marketbeat.com/earnings/reports/2024-2-28-snowflake-inc-stock/,https://www.marketbeat.com/earnings/reports/2024-2-28-snowflake-inc-stock/,none,,QQQ,"SPY insufficient coverage: {'call_bars': 34, 'expected_call_minutes': 58, 'coverage_fraction': 0.5862068965517241, 'max_call_gap_seconds': 240.0, 'pre_release_bars': 120, 'first_price': '2024-02-28T19:00:00+00:00', 'last_price': '2024-02-28T23:43:00+00:00'}"
SNOW_Q1_2025,SNOW,Q1 2025,2024-05-22T17:00:00-04:00,True,126,modeled,True,source_reported_unverified,https://www.marketbeat.com/earnings/reports/2024-5-22-snowflake-inc-stock/,https://www.marketbeat.com/earnings/reports/2024-5-22-snowflake-inc-stock/,huggingface-ggaddam-finnhub-1m,https://huggingface.co/datasets/ggaddam/OHLCV-1m/blob/main/data/ohlcv_2024-05.parquet,QQQ,
SNOW_Q2_2025,SNOW,Q2 2025,2024-08-21T17:00:00-04:00,True,133,failed_coverage_or_model,,source_reported_unverified,https://www.marketbeat.com/earnings/reports/2024-8-21-snowflake-inc-stock/,https://www.marketbeat.com/earnings/reports/2024-8-21-snowflake-inc-stock/,none,,QQQ,"SPY insufficient coverage: {'call_bars': 23, 'expected_call_minutes': 60, 'coverage_fraction': 0.38333333333333336, 'max_call_gap_seconds': 780.0, 'pre_release_bars': 120, 'first_price': '2024-08-21T18:00:00+00:00', 'last_price': '2024-08-21T22:45:00+00:00'}"
SNOW_Q3_2025,SNOW,Q3 2025,2024-11-20T17:00:00-05:00,True,117,modeled,True,source_reported_unverified,https://www.marketbeat.com/earnings/reports/2024-11-20-snowflake-inc-stock/,https://www.marketbeat.com/earnings/reports/2024-11-20-snowflake-inc-stock/,huggingface-ggaddam-finnhub-1m,https://huggingface.co/datasets/ggaddam/OHLCV-1m/blob/main/data/ohlcv_2024-11.parquet,QQQ,
SNOW_Q4_2025,SNOW,Q4 2025,2025-02-26T17:00:00-05:00,True,127,modeled,True,source_reported_unverified,https://www.marketbeat.com/earnings/reports/2025-2-26-snowflake-inc-stock/,https://www.marketbeat.com/earnings/reports/2025-2-26-snowflake-inc-stock/,huggingface-ggaddam-finnhub-1m,https://huggingface.co/datasets/ggaddam/OHLCV-1m/blob/main/data/ohlcv_2025-02.parquet,QQQ,
SNOW_Q1_2026,SNOW,Q1 2026,2025-05-21T17:00:00-04:00,True,160,modeled,True,source_reported_unverified,https://www.marketbeat.com/earnings/reports/2025-5-21-snowflake-inc-stock/,https://www.marketbeat.com/earnings/reports/2025-5-21-snowflake-inc-stock/,huggingface-ggaddam-finnhub-1m,https://huggingface.co/datasets/ggaddam/OHLCV-1m/blob/main/data/ohlcv_2025-05.parquet,QQQ,
SNOW_Q2_2026,SNOW,Q2 2026,2025-08-27T17:00:00-04:00,True,128,modeled,True,source_reported_unverified,https://www.marketbeat.com/earnings/reports/2025-8-27-snowflake-inc-stock/,https://www.marketbeat.com/earnings/reports/2025-8-27-snowflake-inc-stock/,huggingface-mito0o852-finnhub-1m,https://huggingface.co/datasets/mito0o852/OHLCV-1m/blob/main/data/ohlcv_2025-08.parquet,QQQ,
SNOW_Q3_2026,SNOW,Q3 2026,2025-12-03T17:00:00-05:00,True,110,modeled,True,source_reported_unverified,https://www.marketbeat.com/earnings/reports/2025-12-3-snowflake-inc-stock/,https://www.marketbeat.com/earnings/reports/2025-12-3-snowflake-inc-stock/,huggingface-mito0o852-finnhub-1m,https://huggingface.co/datasets/mito0o852/OHLCV-1m/blob/main/data/ohlcv_2025-12.parquet,SPY,
SNOW_Q4_2026,SNOW,Q4 2026,2026-02-25T17:00:00-05:00,True,118,modeled,True,source_reported_unverified,https://www.marketbeat.com/earnings/reports/2026-2-25-snowflake-inc-stock/,https://www.marketbeat.com/earnings/reports/2026-2-25-snowflake-inc-stock/,huggingface-mito0o852-finnhub-1m,https://huggingface.co/datasets/mito0o852/OHLCV-1m/blob/main/data/ohlcv_2026-02.parquet,QQQ,
SNOW_Q1_2027,SNOW,Q1 2027,2026-05-27T17:00:00-04:00,False,99,transcript_only,,source_reported_unverified,https://www.marketbeat.com/earnings/reports/2026-5-27-snowflake-inc-stock/,,none,,QQQ,No historical minute-price file covers this month.
SNOW_Q2_2027,SNOW,Q2 2027,2026-09-02T17:00:00-04:00,True,104,modeled,True,source_reported_unverified,https://www.marketbeat.com/earnings/reports/2026-9-2-snowflake-inc-stock/,https://www.marketbeat.com/earnings/reports/2026-9-2-snowflake-inc-stock/,yahoo-chart-1m,,QQQ,
TSLA_Q4_2019,TSLA,Q4 2019,2020-01-29T18:30:00-05:00,True,201,modeled,True,source_reported_unverified,https://www.marketbeat.com/earnings/reports/2020-1-29-tesla-inc-stock/,https://www.marketbeat.com/earnings/reports/2020-1-29-tesla-inc-stock/,huggingface-ggaddam-finnhub-1m,https://huggingface.co/datasets/ggaddam/OHLCV-1m/blob/main/data/ohlcv_2020-01.parquet,SPY,
TSLA_Q1_2020,TSLA,Q1 2020,2020-04-29T18:30:00-04:00,True,135,modeled,True,source_reported_unverified,https://www.marketbeat.com/earnings/reports/2020-4-29-tesla-inc-stock/,https://www.marketbeat.com/earnings/reports/2020-4-29-tesla-inc-stock/,huggingface-ggaddam-finnhub-1m,https://huggingface.co/datasets/ggaddam/OHLCV-1m/blob/main/data/ohlcv_2020-04.parquet,SPY,
TSLA_Q2_2020,TSLA,Q2 2020,2020-07-22T17:30:00-04:00,True,180,failed_coverage_or_model,,source_reported_unverified,https://www.marketbeat.com/earnings/reports/2020-7-22-tesla-inc-stock/,https://www.marketbeat.com/earnings/reports/2020-7-22-tesla-inc-stock/,none,,QQQ,"SPY insufficient coverage: {'call_bars': 39, 'expected_call_minutes': 61, 'coverage_fraction': 0.639344262295082, 'max_call_gap_seconds': 300.0, 'pre_release_bars': 120, 'first_price': '2020-07-22T18:30:00+00:00', 'last_price': '2020-07-22T23:16:00+00:00'}"
TSLA_Q3_2020,TSLA,Q3 2020,2020-10-21T17:30:00-04:00,True,163,modeled,True,primary_verified,https://ir.tesla.com/_flysystem/s3/sec/000156459020047108/tsla-8k_20201021-gen.pdf,https://www.marketbeat.com/earnings/reports/2020-10-21-tesla-inc-stock/,huggingface-ggaddam-finnhub-1m,https://huggingface.co/datasets/ggaddam/OHLCV-1m/blob/main/data/ohlcv_2020-10.parquet,QQQ,
TSLA_Q4_2020,TSLA,Q4 2020,2021-01-27T18:30:00-05:00,True,116,modeled,True,primary_verified,https://ir.tesla.com/press-release/tesla-releases-fourth-quarter-and-full-year-2020-financial-results,https://www.marketbeat.com/earnings/reports/2021-1-27-tesla-inc-stock/,huggingface-ggaddam-finnhub-1m,https://huggingface.co/datasets/ggaddam/OHLCV-1m/blob/main/data/ohlcv_2021-01.parquet,QQQ,
TSLA_Q1_2021,TSLA,Q1 2021,2021-04-26T17:30:00-04:00,True,110,failed_coverage_or_model,,source_reported_unverified,https://www.marketbeat.com/earnings/reports/2021-4-26-tesla-inc-stock/,https://www.marketbeat.com/earnings/reports/2021-4-26-tesla-inc-stock/,none,,QQQ,"SPY insufficient coverage: {'call_bars': 40, 'expected_call_minutes': 62, 'coverage_fraction': 0.6451612903225806, 'max_call_gap_seconds': 300.0, 'pre_release_bars': 119, 'first_price': '2021-04-26T18:30:00+00:00', 'last_price': '2021-04-26T23:16:00+00:00'}"
TSLA_Q2_2021,TSLA,Q2 2021,2021-07-26T17:30:00-04:00,True,147,failed_coverage_or_model,,primary_verified,https://ir.tesla.com/press-release/tesla-releases-second-quarter-2021-financial-results,https://www.marketbeat.com/earnings/reports/2021-7-26-tesla-inc-stock/,huggingface-ggaddam-finnhub-1m,https://huggingface.co/datasets/ggaddam/OHLCV-1m/blob/main/data/ohlcv_2021-07.parquet,QQQ,"SPY insufficient coverage: {'call_bars': 33, 'expected_call_minutes': 59, 'coverage_fraction': 0.559322033898305, 'max_call_gap_seconds': 480.0, 'pre_release_bars': 119, 'first_price': '2021-07-26T18:30:00+00:00', 'last_price': '2021-07-26T23:11:00+00:00'}"
TSLA_Q3_2021,TSLA,Q3 2021,2021-10-20T17:30:00-04:00,True,125,failed_coverage_or_model,,primary_verified,https://ir.tesla.com/press-release/tesla-releases-third-quarter-2021-financial-results,https://www.marketbeat.com/earnings/reports/2021-10-20-tesla-inc-stock/,none,,QQQ,"SPY insufficient coverage: {'call_bars': 31, 'expected_call_minutes': 60, 'coverage_fraction': 0.5166666666666667, 'max_call_gap_seconds': 540.0, 'pre_release_bars': 120, 'first_price': '2021-10-20T18:30:00+00:00', 'last_price': '2021-10-20T23:12:00+00:00'}"
TSLA_Q4_2021,TSLA,Q4 2021,2022-01-26T17:30:00-05:00,True,214,modeled,True,primary_verified,https://ir.tesla.com/press-release/tesla-releases-fourth-quarter-and-full-year-2021-financial-results,https://www.marketbeat.com/earnings/reports/2022-1-26-tesla-inc-stock/,huggingface-ggaddam-finnhub-1m,https://huggingface.co/datasets/ggaddam/OHLCV-1m/blob/main/data/ohlcv_2022-01.parquet,QQQ,
TSLA_Q1_2022,TSLA,Q1 2022,2022-04-20T17:30:00-04:00,True,157,modeled,True,primary_verified,https://ir.tesla.com/press-release/tesla-releases-first-quarter-2022-financial-results,https://www.marketbeat.com/earnings/reports/2022-4-20-tesla-inc-stock/,huggingface-ggaddam-finnhub-1m,https://huggingface.co/datasets/ggaddam/OHLCV-1m/blob/main/data/ohlcv_2022-04.parquet,QQQ,
TSLA_Q2_2022,TSLA,Q2 2022,2022-07-20T17:30:00-04:00,True,220,modeled,True,primary_verified,https://ir.tesla.com/press-release/tesla-releases-second-quarter-2022-financial-results,https://www.marketbeat.com/earnings/reports/2022-7-20-tesla-inc-stock/,huggingface-ggaddam-finnhub-1m,https://huggingface.co/datasets/ggaddam/OHLCV-1m/blob/main/data/ohlcv_2022-07.parquet,QQQ,
TSLA_Q3_2022,TSLA,Q3 2022,2022-10-19T17:30:00-04:00,True,237,modeled,True,source_reported_unverified,https://www.marketbeat.com/earnings/reports/2022-10-19-tesla-inc-stock/,https://www.marketbeat.com/earnings/reports/2022-10-19-tesla-inc-stock/,huggingface-ggaddam-finnhub-1m,https://huggingface.co/datasets/ggaddam/OHLCV-1m/blob/main/data/ohlcv_2022-10.parquet,QQQ,
TSLA_Q4_2022,TSLA,Q4 2022,2023-01-25T17:30:00-05:00,True,158,modeled,True,source_reported_unverified,https://www.marketbeat.com/earnings/reports/2023-1-25-tesla-inc-stock/,https://www.marketbeat.com/earnings/reports/2023-1-25-tesla-inc-stock/,huggingface-ggaddam-finnhub-1m,https://huggingface.co/datasets/ggaddam/OHLCV-1m/blob/main/data/ohlcv_2023-01.parquet,QQQ,
TSLA_Q1_2023,TSLA,Q1 2023,2023-04-19T17:30:00-04:00,True,168,failed_coverage_or_model,,source_reported_unverified,https://www.marketbeat.com/earnings/reports/2023-4-19-tesla-inc-stock/,https://www.marketbeat.com/earnings/reports/2023-4-19-tesla-inc-stock/,none,,QQQ,"SPY insufficient coverage: {'call_bars': 39, 'expected_call_minutes': 61, 'coverage_fraction': 0.639344262295082, 'max_call_gap_seconds': 480.0, 'pre_release_bars': 120, 'first_price': '2023-04-19T18:30:00+00:00', 'last_price': '2023-04-19T23:16:00+00:00'}"
TSLA_Q2_2023,TSLA,Q2 2023,2023-07-19T17:30:00-04:00,True,173,modeled,True,source_reported_unverified,https://www.marketbeat.com/earnings/reports/2023-7-19-tesla-inc-stock/,https://www.marketbeat.com/earnings/reports/2023-7-19-tesla-inc-stock/,huggingface-ggaddam-finnhub-1m,https://huggingface.co/datasets/ggaddam/OHLCV-1m/blob/main/data/ohlcv_2023-07.parquet,QQQ,
TSLA_Q3_2023,TSLA,Q3 2023,2023-10-18T17:30:00-04:00,True,173,modeled,True,source_reported_unverified,https://www.marketbeat.com/earnings/reports/2023-10-18-tesla-inc-stock/,https://www.marketbeat.com/earnings/reports/2023-10-18-tesla-inc-stock/,huggingface-ggaddam-finnhub-1m,https://huggingface.co/datasets/ggaddam/OHLCV-1m/blob/main/data/ohlcv_2023-10.parquet,QQQ,
TSLA_Q4_2023,TSLA,Q4 2023,2024-01-24T17:30:00-05:00,True,225,modeled,True,source_reported_unverified,https://www.marketbeat.com/earnings/reports/2024-1-24-tesla-inc-stock/,https://www.marketbeat.com/earnings/reports/2024-1-24-tesla-inc-stock/,huggingface-ggaddam-finnhub-1m,https://huggingface.co/datasets/ggaddam/OHLCV-1m/blob/main/data/ohlcv_2024-01.parquet,QQQ,
TSLA_Q1_2024,TSLA,Q1 2024,2024-04-23T17:30:00-04:00,True,189,modeled,True,source_reported_unverified,https://www.marketbeat.com/earnings/reports/2024-4-23-tesla-inc-stock/,https://www.marketbeat.com/earnings/reports/2024-4-23-tesla-inc-stock/,huggingface-ggaddam-finnhub-1m,https://huggingface.co/datasets/ggaddam/OHLCV-1m/blob/main/data/ohlcv_2024-04.parquet,QQQ,
TSLA_Q2_2024,TSLA,Q2 2024,2024-07-23T17:30:00-04:00,True,133,modeled,True,source_reported_unverified,https://www.marketbeat.com/earnings/reports/2024-7-23-tesla-inc-stock/,https://www.marketbeat.com/earnings/reports/2024-7-23-tesla-inc-stock/,huggingface-ggaddam-finnhub-1m,https://huggingface.co/datasets/ggaddam/OHLCV-1m/blob/main/data/ohlcv_2024-07.parquet,QQQ,
TSLA_Q3_2024,TSLA,Q3 2024,2024-10-23T17:30:00-04:00,True,205,modeled,True,source_reported_unverified,https://www.marketbeat.com/earnings/reports/2024-10-23-tesla-inc-stock/,https://www.marketbeat.com/earnings/reports/2024-10-23-tesla-inc-stock/,huggingface-ggaddam-finnhub-1m,https://huggingface.co/datasets/ggaddam/OHLCV-1m/blob/main/data/ohlcv_2024-10.parquet,QQQ,
TSLA_Q4_2024,TSLA,Q4 2024,2025-01-29T17:30:00-05:00,True,132,modeled,True,source_reported_unverified,https://www.marketbeat.com/earnings/reports/2025-1-29-tesla-inc-stock/,https://www.marketbeat.com/earnings/reports/2025-1-29-tesla-inc-stock/,huggingface-ggaddam-finnhub-1m,https://huggingface.co/datasets/ggaddam/OHLCV-1m/blob/main/data/ohlcv_2025-01.parquet,QQQ,
TSLA_Q1_2025,TSLA,Q1 2025,2025-04-22T17:30:00-04:00,True,198,modeled,True,source_reported_unverified,https://www.marketbeat.com/earnings/reports/2025-4-22-tesla-inc-stock/,https://www.marketbeat.com/earnings/reports/2025-4-22-tesla-inc-stock/,huggingface-ggaddam-finnhub-1m,https://huggingface.co/datasets/ggaddam/OHLCV-1m/blob/main/data/ohlcv_2025-04.parquet,QQQ,
TSLA_Q2_2025,TSLA,Q2 2025,2025-07-23T17:30:00-04:00,True,109,modeled,True,source_reported_unverified,https://www.marketbeat.com/earnings/reports/2025-7-23-tesla-inc-stock/,https://www.marketbeat.com/earnings/reports/2025-7-23-tesla-inc-stock/,huggingface-ggaddam-finnhub-1m,https://huggingface.co/datasets/ggaddam/OHLCV-1m/blob/main/data/ohlcv_2025-07.parquet,QQQ,
TSLA_Q3_2025,TSLA,Q3 2025,2025-10-22T17:30:00-04:00,True,94,modeled,True,source_reported_unverified,https://www.marketbeat.com/earnings/reports/2025-10-23-tesla-inc-stock/,https://www.marketbeat.com/earnings/reports/2025-10-23-tesla-inc-stock/,huggingface-mito0o852-finnhub-1m,https://huggingface.co/datasets/mito0o852/OHLCV-1m/blob/main/data/ohlcv_2025-10.parquet,QQQ,
TSLA_Q4_2025,TSLA,Q4 2025,2026-01-28T17:30:00-05:00,True,122,modeled,True,source_reported_unverified,https://www.marketbeat.com/earnings/reports/2026-1-28-tesla-inc-stock/,https://www.marketbeat.com/earnings/reports/2026-1-28-tesla-inc-stock/,huggingface-mito0o852-finnhub-1m,https://huggingface.co/datasets/mito0o852/OHLCV-1m/blob/main/data/ohlcv_2026-01.parquet,QQQ,
TSLA_Q1_2026,TSLA,Q1 2026,2026-04-22T17:30:00-04:00,True,95,transcript_only,,source_reported_unverified,https://www.marketbeat.com/earnings/reports/2026-4-23-tesla-inc-stock/,https://www.marketbeat.com/earnings/reports/2026-4-23-tesla-inc-stock/,none,,QQQ,No historical minute-price file covers this month.
TSLA_Q2_2026,TSLA,Q2 2026,2026-07-22T17:30:00-04:00,False,109,existing_model_preserved,,source_reported_unverified,https://www.marketbeat.com/earnings/reports/2026-7-22-tesla-inc-stock/,,yahoo-chart-2m,,QQQ,
