call_id,ticker,quarter,call_start,modeled_events,market_resolution_seconds,raw_T50_seconds,raw_T90_seconds,raw_lambda_per_second,raw_half_life_seconds,total_price_impact,model_r_squared,placebo_iterations,placebo_impact_percentile,anchor_status,call_start_source,transcript_source_url,market_provider,market_source_url,benchmark,measurement_flags
AMD_Q4_2019,AMD,Q4 2019,2020-01-28T17:30:00-05:00,36.0,60.0,120.0,180.0,0.01321889886546922,52.436075622804246,0.00044772690683074067,0.013551860789494441,20.0,20.0,primary_verified,https://ir.amd.com/news-events/press-releases/detail/930/amd-reports-fourth-quarter-and-annual-2019-financial-results,https://www.marketbeat.com/earnings/reports/2020-1-28-advanced-micro-devices-inc-stock/,huggingface-ggaddam-finnhub-1m,https://huggingface.co/datasets/ggaddam/OHLCV-1m/blob/main/data/ohlcv_2020-01.parquet,SPY,cumulative response reverses; cumulative response overshoots; exponential half-life below price resolution
AMD_Q1_2020,AMD,Q1 2020,2020-04-28T17:30:00-04:00,29.0,60.0,120.0,120.0,0.0043242087222381265,160.29457065642885,4.082339144259042e-06,0.03330205267239261,20.0,0.0,primary_verified,https://ir.amd.com/news-events/press-releases/detail/944/amd-reports-first-quarter-2020-financial-results,https://www.marketbeat.com/earnings/reports/2020-4-28-advanced-micro-devices-inc-stock/,huggingface-ggaddam-finnhub-1m,https://huggingface.co/datasets/ggaddam/OHLCV-1m/blob/main/data/ohlcv_2020-04.parquet,QQQ,cumulative response reverses; cumulative response overshoots
AMD_Q3_2020,AMD,Q3 2020,2020-10-27T08:00:00-04:00,32.0,60.0,360.0,660.0,0.0024374636097299384,284.3723195673651,0.008498557809643956,0.03411487769969146,20.0,100.0,primary_verified,https://ir.amd.com/financial-information/sec-filings/content/0000002488-20-000161/q32020991.htm,https://www.marketbeat.com/earnings/reports/2020-10-27-advanced-micro-devices-inc-stock/,huggingface-ggaddam-finnhub-1m,https://huggingface.co/datasets/ggaddam/OHLCV-1m/blob/main/data/ohlcv_2020-10.parquet,QQQ,cumulative response reverses
AMD_Q4_2020,AMD,Q4 2020,2021-01-26T17:00:00-05:00,37.0,60.0,480.0,660.0,0.00112632541729448,615.4057876319065,-0.0006082337473945246,0.015350478658343825,20.0,15.0,primary_verified,https://ir.amd.com/news-events/press-releases/detail/988/amd-reports-fourth-quarter-and-full-year-2020-financial-results,https://www.marketbeat.com/earnings/reports/2021-1-26-advanced-micro-devices-inc-stock/,huggingface-ggaddam-finnhub-1m,https://huggingface.co/datasets/ggaddam/OHLCV-1m/blob/main/data/ohlcv_2021-01.parquet,SPY,cumulative response reverses; cumulative response overshoots
AMD_Q2_2021,AMD,Q2 2021,2021-07-27T17:00:00-04:00,33.0,60.0,60.0,60.0,0.2130327178878599,3.2537123284734926,-0.00024100943484100672,0.0289823492075163,20.0,20.0,primary_verified,https://ir.amd.com/news-events/press-releases/detail/1014/amd-reports-second-quarter-2021-financial-results,https://www.marketbeat.com/earnings/reports/2021-7-27-advanced-micro-devices-inc-stock/,huggingface-ggaddam-finnhub-1m,https://huggingface.co/datasets/ggaddam/OHLCV-1m/blob/main/data/ohlcv_2021-07.parquet,QQQ,cumulative response reverses; cumulative response overshoots; exponential half-life below price resolution
AMD_Q4_2021,AMD,Q4 2021,2022-02-01T17:00:00-05:00,33.0,60.0,360.0,600.0,0.002530672367790194,273.8984269090541,0.0013935905731992891,0.012829184593880938,20.0,70.0,primary_verified,https://ir.amd.com/news-events/press-releases/detail/1044/amd-reports-fourth-quarter-and-full-year-2021-financial-results,https://www.marketbeat.com/earnings/reports/2022-2-1-advanced-micro-devices-inc-stock/,huggingface-ggaddam-finnhub-1m,https://huggingface.co/datasets/ggaddam/OHLCV-1m/blob/main/data/ohlcv_2022-02.parquet,QQQ,cumulative response reverses; cumulative response overshoots
AMD_Q1_2022,AMD,Q1 2022,2022-05-03T17:00:00-04:00,34.0,60.0,360.0,480.0,0.0031590562649290105,219.41590222848453,0.0032838410874103654,0.022079557018252816,20.0,70.0,primary_verified,https://ir.amd.com/news-events/press-releases/detail/1062/amd-reports-first-quarter-2022-financial-results,https://www.marketbeat.com/earnings/reports/2022-5-3-advanced-micro-devices-inc-stock/,huggingface-ggaddam-finnhub-1m,https://huggingface.co/datasets/ggaddam/OHLCV-1m/blob/main/data/ohlcv_2022-05.parquet,QQQ,cumulative response reverses; cumulative response overshoots
AMD_Q2_2022,AMD,Q2 2022,2022-08-02T17:00:00-04:00,35.0,60.0,300.0,540.0,0.003506419276034645,197.67949181017926,-0.001546528940544804,0.021002120442041194,20.0,90.0,primary_verified,https://ir.amd.com/news-events/press-releases/detail/1084/amd-reports-second-quarter-2022-financial-results,https://www.marketbeat.com/earnings/reports/2022-8-2-advanced-micro-devices-inc-stock/,huggingface-ggaddam-finnhub-1m,https://huggingface.co/datasets/ggaddam/OHLCV-1m/blob/main/data/ohlcv_2022-08.parquet,QQQ,cumulative response reverses; cumulative response overshoots
AMD_Q3_2022,AMD,Q3 2022,2022-11-01T17:00:00-04:00,34.0,60.0,540.0,660.0,0.0009698148696361236,714.7211310752695,0.0019680480055737385,0.057954829132843555,20.0,60.0,source_reported_unverified,https://www.marketbeat.com/earnings/reports/2022-11-1-advanced-micro-devices-inc-stock/,https://www.marketbeat.com/earnings/reports/2022-11-1-advanced-micro-devices-inc-stock/,huggingface-ggaddam-finnhub-1m,https://huggingface.co/datasets/ggaddam/OHLCV-1m/blob/main/data/ohlcv_2022-11.parquet,QQQ,cumulative response reverses; cumulative response overshoots
AMD_Q4_2022,AMD,Q4 2022,2023-01-31T17:00:00-05:00,45.0,60.0,180.0,180.0,0.007110621509902493,97.48053381756363,0.0001757647813926829,0.022740224561044742,20.0,0.0,source_reported_unverified,https://www.marketbeat.com/earnings/reports/2023-1-31-advanced-micro-devices-inc-stock/,https://www.marketbeat.com/earnings/reports/2023-1-31-advanced-micro-devices-inc-stock/,huggingface-ggaddam-finnhub-1m,https://huggingface.co/datasets/ggaddam/OHLCV-1m/blob/main/data/ohlcv_2023-01.parquet,QQQ,cumulative response reverses; cumulative response overshoots
AMD_Q1_2023,AMD,Q1 2023,2023-05-02T17:00:00-04:00,49.0,60.0,120.0,120.0,0.004060467538045357,170.7062484961067,-0.00037700540817541244,0.03229579234228985,20.0,15.0,source_reported_unverified,https://www.marketbeat.com/earnings/reports/2023-5-2-advanced-micro-devices-inc-stock/,https://www.marketbeat.com/earnings/reports/2023-5-2-advanced-micro-devices-inc-stock/,huggingface-ggaddam-finnhub-1m,https://huggingface.co/datasets/ggaddam/OHLCV-1m/blob/main/data/ohlcv_2023-05.parquet,QQQ,cumulative response reverses; cumulative response overshoots
AMD_Q2_2023,AMD,Q2 2023,2023-08-01T17:00:00-04:00,42.0,60.0,60.0,600.0,0.0014787511216488713,468.73822809821866,-0.0027920246548287764,0.019582752812476345,20.0,100.0,source_reported_unverified,https://www.marketbeat.com/earnings/reports/2023-8-1-advanced-micro-devices-inc-stock/,https://www.marketbeat.com/earnings/reports/2023-8-1-advanced-micro-devices-inc-stock/,huggingface-ggaddam-finnhub-1m,https://huggingface.co/datasets/ggaddam/OHLCV-1m/blob/main/data/ohlcv_2023-08.parquet,QQQ,cumulative response reverses; cumulative response overshoots
AMD_Q4_2023,AMD,Q4 2023,2024-01-30T17:00:00-05:00,39.0,60.0,60.0,360.0,0.006329988341495947,109.50212593853466,-0.0017755948215536811,0.0302198642303122,20.0,95.0,source_reported_unverified,https://www.marketbeat.com/earnings/reports/2024-1-30-advanced-micro-devices-inc-stock/,https://www.marketbeat.com/earnings/reports/2024-1-30-advanced-micro-devices-inc-stock/,huggingface-ggaddam-finnhub-1m,https://huggingface.co/datasets/ggaddam/OHLCV-1m/blob/main/data/ohlcv_2024-01.parquet,QQQ,cumulative response reverses; cumulative response overshoots
AMD_Q2_2024,AMD,Q2 2024,2024-07-30T17:00:00-04:00,33.0,60.0,120.0,120.0,0.0004685989518678468,1479.1906336901604,-0.0004699509374779722,0.02775042225567048,20.0,10.0,source_reported_unverified,https://www.marketbeat.com/earnings/reports/2024-7-30-advanced-micro-devices-inc-stock/,https://www.marketbeat.com/earnings/reports/2024-7-30-advanced-micro-devices-inc-stock/,huggingface-ggaddam-finnhub-1m,https://huggingface.co/datasets/ggaddam/OHLCV-1m/blob/main/data/ohlcv_2024-07.parquet,QQQ,cumulative response reverses; cumulative response overshoots
AMD_Q3_2024,AMD,Q3 2024,2024-10-29T17:00:00-04:00,45.0,60.0,180.0,300.0,0.005188759579792533,133.5862974379052,0.0007558574988113143,0.029347531795379078,100.0,66.0,source_reported_unverified,https://www.marketbeat.com/earnings/reports/2024-10-29-advanced-micro-devices-inc-stock/,https://www.marketbeat.com/earnings/reports/2024-10-29-advanced-micro-devices-inc-stock/,huggingface-ggaddam-finnhub-1m,https://huggingface.co/datasets/ggaddam/OHLCV-1m/blob/main/data/ohlcv_2024-10.parquet,QQQ,cumulative response reverses; cumulative response overshoots
AMD_Q4_2024,AMD,Q4 2024,2025-02-04T17:00:00-05:00,33.0,60.0,420.0,480.0,0.0017573699463373886,394.42303085048405,-0.002605876571524442,0.01680809636688385,100.0,85.0,source_reported_unverified,https://www.marketbeat.com/earnings/reports/2025-2-4-advanced-micro-devices-inc-stock/,https://www.marketbeat.com/earnings/reports/2025-2-4-advanced-micro-devices-inc-stock/,huggingface-ggaddam-finnhub-1m,https://huggingface.co/datasets/ggaddam/OHLCV-1m/blob/main/data/ohlcv_2025-02.parquet,QQQ,cumulative response reverses
AMD_Q1_2025,AMD,Q1 2025,2025-05-06T17:00:00-04:00,43.0,60.0,540.0,540.0,0.0011556424950366073,599.7937801153535,-8.491347139448258e-05,0.02438203770899261,100.0,2.0,source_reported_unverified,https://www.marketbeat.com/earnings/reports/2025-5-6-advanced-micro-devices-inc-stock/,https://www.marketbeat.com/earnings/reports/2025-5-6-advanced-micro-devices-inc-stock/,huggingface-ggaddam-finnhub-1m,https://huggingface.co/datasets/ggaddam/OHLCV-1m/blob/main/data/ohlcv_2025-05.parquet,QQQ,cumulative response reverses; cumulative response overshoots
AMD_Q2_2025,AMD,Q2 2025,2025-08-05T17:00:00-04:00,22.0,60.0,180.0,180.0,0.0046789796431128934,148.1406702805826,-0.0001388861573072864,0.05703818664041527,20.0,5.0,source_reported_unverified,https://www.marketbeat.com/earnings/reports/2025-8-5-advanced-micro-devices-inc-stock/,https://www.marketbeat.com/earnings/reports/2025-8-5-advanced-micro-devices-inc-stock/,huggingface-mito0o852-finnhub-1m,https://huggingface.co/datasets/mito0o852/OHLCV-1m/blob/main/data/ohlcv_2025-08.parquet,SPY,cumulative response reverses; cumulative response overshoots
AMD_Q3_2025,AMD,Q3 2025,2025-11-04T17:00:00-05:00,30.0,60.0,660.0,660.0,0.00037662790435922383,1840.4031473430832,-0.00013374000005545404,0.01361115425680115,20.0,5.0,source_reported_unverified,https://www.marketbeat.com/earnings/reports/2025-11-4-advanced-micro-devices-inc-stock/,https://www.marketbeat.com/earnings/reports/2025-11-4-advanced-micro-devices-inc-stock/,huggingface-mito0o852-finnhub-1m,https://huggingface.co/datasets/mito0o852/OHLCV-1m/blob/main/data/ohlcv_2025-11.parquet,QQQ,cumulative response reverses; cumulative response overshoots
AMD_Q4_2025,AMD,Q4 2025,2026-02-03T17:00:00-05:00,39.0,60.0,120.0,120.0,0.0006671259143609677,1039.005029843434,4.763063519358225e-05,0.01240238589562126,20.0,0.0,source_reported_unverified,https://www.marketbeat.com/earnings/reports/2026-2-3-advanced-micro-devices-inc-stock/,https://www.marketbeat.com/earnings/reports/2026-2-3-advanced-micro-devices-inc-stock/,huggingface-mito0o852-finnhub-1m,https://huggingface.co/datasets/mito0o852/OHLCV-1m/blob/main/data/ohlcv_2026-02.parquet,QQQ,cumulative response reverses; cumulative response overshoots
AVGO_Q2_2020,AVGO,Q2 2020,2020-06-04T17:00:00-04:00,21.0,60.0,60.0,120.0,0.0342945419674045,20.211588806718925,-0.0030410358709166544,0.054645329958752153,20.0,50.0,primary_verified,https://investors.broadcom.com/news-releases/news-release-details/broadcom-inc-announces-second-quarter-fiscal-year-2020-financial,https://www.marketbeat.com/earnings/reports/2020-6-4-broadcom-inc-stock/,huggingface-ggaddam-finnhub-1m,https://huggingface.co/datasets/ggaddam/OHLCV-1m/blob/main/data/ohlcv_2020-06.parquet,SPY,cumulative response reverses; cumulative response overshoots; exponential half-life below price resolution
AVGO_Q1_2024,AVGO,Q1 2024,2024-03-07T17:15:00-05:00,38.0,60.0,360.0,420.0,0.0024546210109705644,282.38460335099666,-0.0039031336196460945,0.034129249603901846,20.0,45.0,primary_verified,https://investors.broadcom.com/news-releases/news-release-details/broadcom-inc-announces-first-quarter-fiscal-year-2024-financial,https://www.marketbeat.com/earnings/reports/2024-3-7-broadcom-inc-stock/,huggingface-ggaddam-finnhub-1m,https://huggingface.co/datasets/ggaddam/OHLCV-1m/blob/main/data/ohlcv_2024-03.parquet,QQQ,cumulative response reverses; cumulative response overshoots
AVGO_Q2_2024,AVGO,Q2 2024,2024-06-12T17:00:00-04:00,29.0,60.0,300.0,660.0,0.0027440933566051364,252.5960637933523,0.0030858096952588263,0.05022482791835314,20.0,100.0,source_reported_unverified,https://www.marketbeat.com/earnings/reports/2024-6-12-broadcom-inc-stock/,https://www.marketbeat.com/earnings/reports/2024-6-12-broadcom-inc-stock/,huggingface-ggaddam-finnhub-1m,https://huggingface.co/datasets/ggaddam/OHLCV-1m/blob/main/data/ohlcv_2024-06.parquet,QQQ,cumulative response reverses; cumulative response overshoots
AVGO_Q4_2024,AVGO,Q4 2024,2024-12-12T17:00:00-05:00,28.0,60.0,300.0,360.0,0.0034226645717497445,202.51683039030394,-0.007082933468120929,0.046500767923796205,20.0,70.0,source_reported_unverified,https://www.marketbeat.com/earnings/reports/2024-12-12-broadcom-inc-stock/,https://www.marketbeat.com/earnings/reports/2024-12-12-broadcom-inc-stock/,huggingface-ggaddam-finnhub-1m,https://huggingface.co/datasets/ggaddam/OHLCV-1m/blob/main/data/ohlcv_2024-12.parquet,QQQ,cumulative response reverses; cumulative response overshoots
AVGO_Q1_2025,AVGO,Q1 2025,2025-03-06T17:00:00-05:00,18.0,60.0,600.0,600.0,0.000938754344264298,738.3690789768486,0.008024665080133891,0.11299327866309972,20.0,65.0,source_reported_unverified,https://www.marketbeat.com/earnings/reports/2025-3-6-broadcom-inc-stock/,https://www.marketbeat.com/earnings/reports/2025-3-6-broadcom-inc-stock/,huggingface-ggaddam-finnhub-1m,https://huggingface.co/datasets/ggaddam/OHLCV-1m/blob/main/data/ohlcv_2025-03.parquet,QQQ,cumulative response reverses; cumulative response overshoots
AVGO_Q2_2025,AVGO,Q2 2025,2025-06-05T17:00:00-04:00,27.0,60.0,420.0,420.0,0.0021236864302437907,326.3886658071148,0.00271330912671966,0.034286467387063424,20.0,55.00000000000001,source_reported_unverified,https://www.marketbeat.com/earnings/reports/2025-6-5-broadcom-inc-stock/,https://www.marketbeat.com/earnings/reports/2025-6-5-broadcom-inc-stock/,huggingface-ggaddam-finnhub-1m,https://huggingface.co/datasets/ggaddam/OHLCV-1m/blob/main/data/ohlcv_2025-06.parquet,QQQ,cumulative response reverses; cumulative response overshoots
AVGO_Q3_2025,AVGO,Q3 2025,2025-09-04T17:00:00-04:00,30.0,60.0,360.0,420.0,0.0027982866669792965,247.70413579827618,0.003611487721875378,0.06117413563605956,20.0,100.0,source_reported_unverified,https://www.marketbeat.com/earnings/reports/2025-9-4-broadcom-inc-stock/,https://www.marketbeat.com/earnings/reports/2025-9-4-broadcom-inc-stock/,huggingface-mito0o852-finnhub-1m,https://huggingface.co/datasets/mito0o852/OHLCV-1m/blob/main/data/ohlcv_2025-09.parquet,QQQ,cumulative response reverses; cumulative response overshoots
AVGO_Q4_2025,AVGO,Q4 2025,2025-12-11T17:00:00-05:00,33.0,60.0,300.0,360.0,0.003923027785275426,176.68678849575906,0.003975207730093724,0.028330735762510106,20.0,65.0,source_reported_unverified,https://www.marketbeat.com/earnings/reports/2025-12-11-broadcom-inc-stock/,https://www.marketbeat.com/earnings/reports/2025-12-11-broadcom-inc-stock/,huggingface-mito0o852-finnhub-1m,https://huggingface.co/datasets/mito0o852/OHLCV-1m/blob/main/data/ohlcv_2025-12.parquet,QQQ,cumulative response reverses; cumulative response overshoots
AVGO_Q1_2026,AVGO,Q1 2026,2026-03-04T17:00:00-05:00,26.0,60.0,360.0,540.0,0.0023783637569726457,291.4386743944641,0.0058103692617047925,0.03102069187807155,20.0,90.0,source_reported_unverified,https://www.marketbeat.com/earnings/reports/2026-3-4-broadcom-inc-stock/,https://www.marketbeat.com/earnings/reports/2026-3-4-broadcom-inc-stock/,huggingface-mito0o852-finnhub-1m,https://huggingface.co/datasets/mito0o852/OHLCV-1m/blob/main/data/ohlcv_2026-03.parquet,QQQ,cumulative response reverses; cumulative response overshoots
AVGO_Q3_2026,AVGO,Q3 2026,2026-09-02T17:00:00-04:00,31.0,60.0,360.0,480.0,0.002241061112635194,309.29418954795705,-0.005975243231837914,0.02750048632183999,100.0,54.0,source_reported_unverified,https://www.marketbeat.com/earnings/reports/2026-9-2-broadcom-inc-stock/,https://www.marketbeat.com/earnings/reports/2026-9-2-broadcom-inc-stock/,yahoo-chart-1m,,QQQ,cumulative response reverses; cumulative response overshoots
COIN_Q1_2021,COIN,Q1 2021,2021-05-13T17:00:00-04:00,8.0,60.0,180.0,660.0,0.0031154200558134552,222.4891565638202,0.005551294362295907,0.09885718385435815,20.0,70.0,primary_verified,https://investor.coinbase.com/events-and-presentations/events/event-details/2021/Coinbase-First-Quarter-2021-Earnings-Call/default.aspx,https://www.marketbeat.com/earnings/reports/2021-5-13-coinbase-global-stock/,huggingface-ggaddam-finnhub-1m,https://huggingface.co/datasets/ggaddam/OHLCV-1m/blob/main/data/ohlcv_2021-05.parquet,SPY,fewer than 10 modeled events; cumulative response reverses
COIN_Q4_2021,COIN,Q4 2021,2022-02-24T17:30:00-05:00,6.0,60.0,240.0,240.0,0.0033640043409729975,206.04824200656674,0.004511986749247337,0.26533992722351796,20.0,95.0,primary_verified,https://investor.coinbase.com/events-and-presentations/events/event-details/2022/Fourth-Quarter-2021-Earnings-Call/default.aspx,https://www.marketbeat.com/earnings/reports/2022-2-24-coinbase-global-stock/,huggingface-ggaddam-finnhub-1m,https://huggingface.co/datasets/ggaddam/OHLCV-1m/blob/main/data/ohlcv_2022-02.parquet,QQQ,fewer than 10 modeled events; cumulative response reverses; cumulative response overshoots
COIN_Q1_2022,COIN,Q1 2022,2022-05-10T17:30:00-04:00,4.0,60.0,60.0,60.0,0.002692250413334483,257.46014454184774,0.00034107348463772655,0.1661731143294113,20.0,10.0,primary_verified,https://investor.coinbase.com/events-and-presentations/events/event-details/2022/First-Quarter-2022-Earnings-Call/default.aspx,https://www.marketbeat.com/earnings/reports/2022-5-10-coinbase-global-stock/,huggingface-ggaddam-finnhub-1m,https://huggingface.co/datasets/ggaddam/OHLCV-1m/blob/main/data/ohlcv_2022-05.parquet,SPY,fewer than 10 modeled events; cumulative response reverses; cumulative response overshoots
COIN_Q2_2022,COIN,Q2 2022,2022-08-09T17:30:00-04:00,10.0,60.0,180.0,180.0,0.0040852419352099545,169.67102354106282,-0.0005718771035559159,0.10585320954696464,20.0,40.0,source_reported_unverified,https://www.marketbeat.com/earnings/reports/2022-8-9-coinbase-global-stock/,https://www.marketbeat.com/earnings/reports/2022-8-9-coinbase-global-stock/,huggingface-ggaddam-finnhub-1m,https://huggingface.co/datasets/ggaddam/OHLCV-1m/blob/main/data/ohlcv_2022-08.parquet,SPY,cumulative response reverses; cumulative response overshoots
COIN_Q4_2022,COIN,Q4 2022,2023-02-21T17:30:00-05:00,10.0,60.0,420.0,600.0,0.0014750167579997296,469.92495292048227,0.005952508007692916,0.09598792209577123,20.0,30.0,source_reported_unverified,https://www.marketbeat.com/earnings/reports/2023-2-21-coinbase-global-stock/,https://www.marketbeat.com/earnings/reports/2023-2-21-coinbase-global-stock/,huggingface-ggaddam-finnhub-1m,https://huggingface.co/datasets/ggaddam/OHLCV-1m/blob/main/data/ohlcv_2023-02.parquet,QQQ,cumulative response reverses; cumulative response overshoots
COIN_Q1_2023,COIN,Q1 2023,2023-05-04T17:30:00-04:00,8.0,60.0,360.0,360.0,0.0013277646376892076,522.0406997480163,0.0004363739014259498,0.10695118237230261,20.0,0.0,source_reported_unverified,https://www.marketbeat.com/earnings/reports/2023-5-4-coinbase-global-stock/,https://www.marketbeat.com/earnings/reports/2023-5-4-coinbase-global-stock/,huggingface-ggaddam-finnhub-1m,https://huggingface.co/datasets/ggaddam/OHLCV-1m/blob/main/data/ohlcv_2023-05.parquet,QQQ,fewer than 10 modeled events; cumulative response reverses; cumulative response overshoots
COIN_Q2_2023,COIN,Q2 2023,2023-08-03T17:30:00-04:00,6.0,60.0,60.0,60.0,0.21666379399305025,3.1991832497042805,-0.0001853729154386067,0.08495715680102567,20.0,5.0,source_reported_unverified,https://www.marketbeat.com/earnings/reports/2023-8-3-coinbase-global-stock/,https://www.marketbeat.com/earnings/reports/2023-8-3-coinbase-global-stock/,huggingface-ggaddam-finnhub-1m,https://huggingface.co/datasets/ggaddam/OHLCV-1m/blob/main/data/ohlcv_2023-08.parquet,QQQ,fewer than 10 modeled events; cumulative response reverses; cumulative response overshoots; exponential half-life below price resolution
COIN_Q3_2023,COIN,Q3 2023,2023-11-02T17:30:00-04:00,15.0,60.0,60.0,120.0,0.03290271036445925,21.06656785663065,-0.0003065162030049264,0.0580342784056197,20.0,35.0,source_reported_unverified,https://www.marketbeat.com/earnings/reports/2023-11-2-coinbase-global-stock/,https://www.marketbeat.com/earnings/reports/2023-11-2-coinbase-global-stock/,huggingface-ggaddam-finnhub-1m,https://huggingface.co/datasets/ggaddam/OHLCV-1m/blob/main/data/ohlcv_2023-11.parquet,QQQ,cumulative response reverses; cumulative response overshoots; exponential half-life below price resolution
COIN_Q1_2024,COIN,Q1 2024,2024-05-02T17:30:00-04:00,11.0,60.0,600.0,660.0,0.0006143323431643564,1128.2934852324763,0.0017176462041942615,0.0934834238355523,20.0,40.0,source_reported_unverified,https://www.marketbeat.com/earnings/reports/2024-5-2-coinbase-global-stock/,https://www.marketbeat.com/earnings/reports/2024-5-2-coinbase-global-stock/,huggingface-ggaddam-finnhub-1m,https://huggingface.co/datasets/ggaddam/OHLCV-1m/blob/main/data/ohlcv_2024-05.parquet,QQQ,cumulative response reverses; cumulative response overshoots
COIN_Q3_2024,COIN,Q3 2024,2024-10-30T17:30:00-04:00,8.0,60.0,480.0,660.0,0.0018417139319702215,376.3598507496943,0.01238442072091728,0.24858019559868716,100.0,99.0,source_reported_unverified,https://www.marketbeat.com/earnings/reports/2024-10-30-coinbase-global-stock/,https://www.marketbeat.com/earnings/reports/2024-10-30-coinbase-global-stock/,huggingface-ggaddam-finnhub-1m,https://huggingface.co/datasets/ggaddam/OHLCV-1m/blob/main/data/ohlcv_2024-10.parquet,QQQ,fewer than 10 modeled events; cumulative response reverses
COIN_Q1_2025,COIN,Q1 2025,2025-05-08T17:30:00-04:00,12.0,60.0,300.0,660.0,0.002293868315493692,302.1739198707073,0.0028544776009985567,0.07102574535328221,20.0,75.0,source_reported_unverified,https://www.marketbeat.com/earnings/reports/2025-5-8-coinbase-global-stock/,https://www.marketbeat.com/earnings/reports/2025-5-8-coinbase-global-stock/,huggingface-ggaddam-finnhub-1m,https://huggingface.co/datasets/ggaddam/OHLCV-1m/blob/main/data/ohlcv_2025-05.parquet,SPY,cumulative response reverses
COIN_Q2_2025,COIN,Q2 2025,2025-07-31T17:30:00-04:00,8.0,60.0,540.0,660.0,0.0015653827724865848,442.79724597894506,0.003874821658609715,0.21307205949829677,20.0,90.0,source_reported_unverified,https://www.marketbeat.com/earnings/reports/2025-7-31-coinbase-global-stock/,https://www.marketbeat.com/earnings/reports/2025-7-31-coinbase-global-stock/,huggingface-ggaddam-finnhub-1m,https://huggingface.co/datasets/ggaddam/OHLCV-1m/blob/main/data/ohlcv_2025-07.parquet,SPY,fewer than 10 modeled events; cumulative response reverses; cumulative response overshoots
COIN_Q4_2025,COIN,Q4 2025,2026-02-12T17:30:00-05:00,9.0,60.0,660.0,660.0,0.0004127900065081096,1679.1762630676183,-0.0021364707024011526,0.04706445885557087,20.0,40.0,source_reported_unverified,https://www.marketbeat.com/earnings/reports/2026-2-12-coinbase-global-stock/,https://www.marketbeat.com/earnings/reports/2026-2-12-coinbase-global-stock/,huggingface-mito0o852-finnhub-1m,https://huggingface.co/datasets/mito0o852/OHLCV-1m/blob/main/data/ohlcv_2026-02.parquet,QQQ,fewer than 10 modeled events; cumulative response reverses; cumulative response overshoots
CRWD_Q4_2020,CRWD,Q4 2020,2020-03-19T17:00:00-04:00,22.0,60.0,60.0,480.0,0.00426435560337483,162.54441351265018,-0.004046613117549946,0.0581737108497572,20.0,90.0,source_reported_unverified,https://www.marketbeat.com/earnings/reports/2020-3-19-crowdstrike-holdings-inc-stock/,https://www.marketbeat.com/earnings/reports/2020-3-19-crowdstrike-holdings-inc-stock/,huggingface-ggaddam-finnhub-1m,https://huggingface.co/datasets/ggaddam/OHLCV-1m/blob/main/data/ohlcv_2020-03.parquet,QQQ,cumulative response reverses
CRWD_Q1_2021,CRWD,Q1 2021,2020-06-02T17:00:00-04:00,19.0,60.0,60.0,60.0,0.009907775981778359,69.95991651756457,-0.0010888619526790144,0.05195435344799293,20.0,25.0,primary_verified,https://ir.crowdstrike.com/news-releases/news-release-details/crowdstrike-reports-fiscal-first-quarter-2021-financial-results?aff_unique2=unknown&code=unknown,https://www.marketbeat.com/earnings/reports/2020-6-2-crowdstrike-holdings-inc-stock/,huggingface-ggaddam-finnhub-1m,https://huggingface.co/datasets/ggaddam/OHLCV-1m/blob/main/data/ohlcv_2020-06.parquet,SPY,cumulative response reverses; cumulative response overshoots
CRWD_Q2_2021,CRWD,Q2 2021,2020-09-02T17:00:00-04:00,21.0,60.0,480.0,600.0,0.0017556342852245836,394.81296668302235,0.00390567333563812,0.047524634967820445,20.0,55.00000000000001,primary_verified,https://ir.crowdstrike.com/news-releases/news-release-details/crowdstrike-announces-date-fiscal-second-quarter-2021-financial/,https://www.marketbeat.com/earnings/reports/2020-9-2-crowdstrike-holdings-inc-stock/,huggingface-ggaddam-finnhub-1m,https://huggingface.co/datasets/ggaddam/OHLCV-1m/blob/main/data/ohlcv_2020-09.parquet,SPY,cumulative response reverses; cumulative response overshoots
CRWD_Q4_2021,CRWD,Q4 2021,2021-03-16T17:00:00-04:00,19.0,60.0,120.0,180.0,0.0029075692193785887,238.39404267324238,-0.0010633996640236312,0.04389354440815785,20.0,60.0,primary_verified,https://ir.crowdstrike.com/news-releases/news-release-details/crowdstrike-reports-fourth-quarter-and-fiscal-year-2021,https://www.marketbeat.com/earnings/reports/2021-3-16-crowdstrike-holdings-inc-stock/,huggingface-ggaddam-finnhub-1m,https://huggingface.co/datasets/ggaddam/OHLCV-1m/blob/main/data/ohlcv_2021-03.parquet,SPY,cumulative response reverses; cumulative response overshoots
CRWD_Q3_2022,CRWD,Q3 2022,2021-12-01T17:00:00-05:00,28.0,60.0,60.0,120.0,0.02326965626034003,29.787598613621146,-0.0008760685187048996,0.024481538171207684,20.0,25.0,primary_verified,https://ir.crowdstrike.com/news-releases/news-release-details/crowdstrike-announces-date-fiscal-third-quarter-2022-financial/,https://www.marketbeat.com/earnings/reports/2021-12-1-crowdstrike-holdings-inc-stock/,huggingface-ggaddam-finnhub-1m,https://huggingface.co/datasets/ggaddam/OHLCV-1m/blob/main/data/ohlcv_2021-12.parquet,QQQ,cumulative response reverses; cumulative response overshoots; exponential half-life below price resolution
CRWD_Q4_2022,CRWD,Q4 2022,2022-03-09T17:00:00-05:00,25.0,60.0,420.0,660.0,0.0015368275701115074,451.02469141001467,0.0014681599172499079,0.008547326978632142,20.0,45.0,primary_verified,https://ir.crowdstrike.com/news-releases/news-release-details/crowdstrike-announces-date-fourth-quarter-and-fiscal-year-2022/,https://www.marketbeat.com/earnings/reports/2022-3-9-crowdstrike-holdings-inc-stock/,huggingface-ggaddam-finnhub-1m,https://huggingface.co/datasets/ggaddam/OHLCV-1m/blob/main/data/ohlcv_2022-03.parquet,QQQ,cumulative response reverses; cumulative response overshoots
CRWD_Q1_2023,CRWD,Q1 2023,2022-06-02T17:00:00-04:00,28.0,60.0,180.0,240.0,0.0051133095779108805,135.5574447426946,0.001398584724381877,0.018238068698462673,20.0,45.0,primary_verified,https://ir.crowdstrike.com/news-releases/news-release-details/crowdstrike-announces-date-fiscal-first-quarter-2023-financial/,https://www.marketbeat.com/earnings/reports/2022-6-2-crowdstrike-holdings-inc-stock/,huggingface-ggaddam-finnhub-1m,https://huggingface.co/datasets/ggaddam/OHLCV-1m/blob/main/data/ohlcv_2022-06.parquet,QQQ,cumulative response reverses; cumulative response overshoots
CRWD_Q4_2024,CRWD,Q4 2024,2024-03-05T17:00:00-05:00,28.0,60.0,300.0,600.0,0.0011891549512616612,582.8905474635874,0.0009237808228502891,0.0393652373724136,20.0,20.0,source_reported_unverified,https://www.marketbeat.com/earnings/reports/2024-3-5-crowdstrike-holdings-inc-stock/,https://www.marketbeat.com/earnings/reports/2024-3-5-crowdstrike-holdings-inc-stock/,huggingface-ggaddam-finnhub-1m,https://huggingface.co/datasets/ggaddam/OHLCV-1m/blob/main/data/ohlcv_2024-03.parquet,QQQ,cumulative response reverses; cumulative response overshoots
CRWD_Q2_2025,CRWD,Q2 2025,2024-08-28T17:00:00-04:00,20.0,60.0,60.0,180.0,0.004383523791614603,158.1255659854957,-0.002345748004640061,0.03760900680966672,20.0,15.0,source_reported_unverified,https://www.marketbeat.com/earnings/reports/2024-8-28-crowdstrike-holdings-inc-stock/,https://www.marketbeat.com/earnings/reports/2024-8-28-crowdstrike-holdings-inc-stock/,huggingface-ggaddam-finnhub-1m,https://huggingface.co/datasets/ggaddam/OHLCV-1m/blob/main/data/ohlcv_2024-08.parquet,QQQ,cumulative response reverses; cumulative response overshoots
CRWD_Q4_2025,CRWD,Q4 2025,2025-03-04T17:00:00-05:00,33.0,60.0,300.0,420.0,0.0036018946013027142,192.43960673064987,-0.004256640791326302,0.03606248778650312,20.0,100.0,source_reported_unverified,https://www.marketbeat.com/earnings/reports/2025-3-4-crowdstrike-holdings-inc-stock/,https://www.marketbeat.com/earnings/reports/2025-3-4-crowdstrike-holdings-inc-stock/,huggingface-ggaddam-finnhub-1m,https://huggingface.co/datasets/ggaddam/OHLCV-1m/blob/main/data/ohlcv_2025-03.parquet,QQQ,cumulative response reverses; cumulative response overshoots
CRWD_Q2_2026,CRWD,Q2 2026,2025-08-27T17:00:00-04:00,19.0,60.0,120.0,180.0,0.009547594241915728,72.59914518747553,0.003120382622697577,0.05974016125459547,20.0,60.0,source_reported_unverified,https://www.marketbeat.com/earnings/reports/2025-8-27-crowdstrike-holdings-inc-stock/,https://www.marketbeat.com/earnings/reports/2025-8-27-crowdstrike-holdings-inc-stock/,huggingface-mito0o852-finnhub-1m,https://huggingface.co/datasets/mito0o852/OHLCV-1m/blob/main/data/ohlcv_2025-08.parquet,QQQ,cumulative response reverses; cumulative response overshoots
CRWD_Q3_2026,CRWD,Q3 2026,2025-12-02T17:00:00-05:00,28.0,60.0,420.0,660.0,0.0018047880868927336,384.06014844286926,-0.001596899074042708,0.034092334094249166,20.0,90.0,source_reported_unverified,https://www.marketbeat.com/earnings/reports/2025-12-3-crowdstrike-holdings-inc-stock/,https://www.marketbeat.com/earnings/reports/2025-12-3-crowdstrike-holdings-inc-stock/,huggingface-mito0o852-finnhub-1m,https://huggingface.co/datasets/mito0o852/OHLCV-1m/blob/main/data/ohlcv_2025-12.parquet,QQQ,cumulative response reverses; cumulative response overshoots
CRWD_Q4_2026,CRWD,Q4 2026,2026-03-03T17:00:00-05:00,45.0,60.0,420.0,660.0,0.001619048703989977,428.1200305165349,-0.002289670031221598,0.014684501001816064,20.0,90.0,source_reported_unverified,https://www.marketbeat.com/earnings/reports/2026-3-3-crowdstrike-holdings-inc-stock/,https://www.marketbeat.com/earnings/reports/2026-3-3-crowdstrike-holdings-inc-stock/,huggingface-mito0o852-finnhub-1m,https://huggingface.co/datasets/mito0o852/OHLCV-1m/blob/main/data/ohlcv_2026-03.parquet,SPY,cumulative response reverses; cumulative response overshoots
MU_Q2_2020,MU,Q2 2020,2020-03-25T16:30:00-04:00,54.0,60.0,60.0,60.0,0.21666379399305025,3.1991832497042805,-0.0003734407741801339,0.026678731088017882,20.0,5.0,source_reported_unverified,https://www.marketbeat.com/earnings/reports/2020-3-25-micron-technology-inc-stock/,https://www.marketbeat.com/earnings/reports/2020-3-25-micron-technology-inc-stock/,huggingface-ggaddam-finnhub-1m,https://huggingface.co/datasets/ggaddam/OHLCV-1m/blob/main/data/ohlcv_2020-03.parquet,QQQ,cumulative response reverses; cumulative response overshoots; exponential half-life below price resolution
MU_Q3_2020,MU,Q3 2020,2020-06-29T16:30:00-04:00,46.0,60.0,60.0,60.0,0.002005367180492854,345.6460179973586,0.0002513943302018402,0.0075400142978118145,20.0,20.0,source_reported_unverified,https://www.marketbeat.com/earnings/reports/2020-6-29-micron-technology-inc-stock/,https://www.marketbeat.com/earnings/reports/2020-6-29-micron-technology-inc-stock/,huggingface-ggaddam-finnhub-1m,https://huggingface.co/datasets/ggaddam/OHLCV-1m/blob/main/data/ohlcv_2020-06.parquet,QQQ,cumulative response reverses; cumulative response overshoots
MU_Q4_2020,MU,Q4 2020,2020-09-29T16:30:00-04:00,48.0,60.0,60.0,60.0,0.21666379399305025,3.1991832497042805,2.929795121754458e-05,0.03440291427497766,20.0,5.0,source_reported_unverified,https://www.marketbeat.com/earnings/reports/2020-9-29-micron-technology-inc-stock/,https://www.marketbeat.com/earnings/reports/2020-9-29-micron-technology-inc-stock/,huggingface-ggaddam-finnhub-1m,https://huggingface.co/datasets/ggaddam/OHLCV-1m/blob/main/data/ohlcv_2020-09.parquet,QQQ,cumulative response reverses; cumulative response overshoots; exponential half-life below price resolution
MU_Q1_2021,MU,Q1 2021,2021-01-07T16:30:00-05:00,48.0,60.0,420.0,480.0,0.0022913125234880405,302.5109728396084,0.0005138406845733995,0.00537223821309829,20.0,80.0,source_reported_unverified,https://www.marketbeat.com/earnings/reports/2021-1-7-micron-technology-inc-stock/,https://www.marketbeat.com/earnings/reports/2021-1-7-micron-technology-inc-stock/,huggingface-ggaddam-finnhub-1m,https://huggingface.co/datasets/ggaddam/OHLCV-1m/blob/main/data/ohlcv_2021-01.parquet,QQQ,cumulative response reverses; cumulative response overshoots
MU_Q2_2021,MU,Q2 2021,2021-03-31T16:00:00-04:00,60.0,60.0,420.0,660.0,0.0020645184859923705,335.74278228211847,-0.0019686288480874475,0.007969305482916078,20.0,95.0,source_reported_unverified,https://www.marketbeat.com/earnings/reports/2021-3-31-micron-technology-inc-stock/,https://www.marketbeat.com/earnings/reports/2021-3-31-micron-technology-inc-stock/,huggingface-ggaddam-finnhub-1m,https://huggingface.co/datasets/ggaddam/OHLCV-1m/blob/main/data/ohlcv_2021-03.parquet,QQQ,cumulative response reverses
MU_Q3_2021,MU,Q3 2021,2021-06-30T16:00:00-04:00,42.0,60.0,240.0,660.0,0.0026473346783108,261.8283159431227,0.0027566458339159812,0.01268611157966093,20.0,80.0,source_reported_unverified,https://www.marketbeat.com/earnings/reports/2021-6-30-micron-technology-inc-stock/,https://www.marketbeat.com/earnings/reports/2021-6-30-micron-technology-inc-stock/,huggingface-ggaddam-finnhub-1m,https://huggingface.co/datasets/ggaddam/OHLCV-1m/blob/main/data/ohlcv_2021-06.parquet,QQQ,cumulative response reverses
MU_Q4_2021,MU,Q4 2021,2021-09-28T16:30:00-04:00,54.0,60.0,480.0,540.0,0.0015648865106981612,442.9376672501978,0.00067859548252187,0.009408436397209674,20.0,60.0,primary_verified,https://investors.micron.com/news/press-release/2021/Micron-Technology-to-Report-Fiscal-Fourth-Quarter-Results-on-September-28-2021-08-31-2021/default.aspx,https://www.marketbeat.com/earnings/reports/2021-9-28-micron-technology-inc-stock/,huggingface-ggaddam-finnhub-1m,https://huggingface.co/datasets/ggaddam/OHLCV-1m/blob/main/data/ohlcv_2021-09.parquet,QQQ,cumulative response reverses; cumulative response overshoots
MU_Q1_2022,MU,Q1 2022,2021-12-20T16:30:00-05:00,45.0,60.0,60.0,60.0,0.0015488220126871133,447.5318499363116,-5.579651418652587e-05,0.02492388679899682,20.0,10.0,primary_verified,https://investors.micron.com/news/press-release/2021/Micron-Technology-Inc--Reports-Results-for-the-First-Quarter-of-Fiscal-2022-12-20-2021/default.aspx,https://www.marketbeat.com/earnings/reports/2021-12-20-micron-technology-inc-stock/,huggingface-ggaddam-finnhub-1m,https://huggingface.co/datasets/ggaddam/OHLCV-1m/blob/main/data/ohlcv_2021-12.parquet,QQQ,cumulative response reverses; cumulative response overshoots
MU_Q2_2022,MU,Q2 2022,2022-03-29T16:30:00-04:00,58.0,60.0,180.0,240.0,0.004999613159041158,138.64016245066435,0.0004343818452927056,0.012605010960840768,20.0,25.0,primary_verified,https://investors.micron.com/news/press-release/2022/Micron-Technology-Inc--Reports-Results-for-the-Second-Quarter-of-Fiscal-2022-03-29-2022/default.aspx,https://www.marketbeat.com/earnings/reports/2022-3-29-micron-technology-inc-stock/,huggingface-ggaddam-finnhub-1m,https://huggingface.co/datasets/ggaddam/OHLCV-1m/blob/main/data/ohlcv_2022-03.parquet,QQQ,cumulative response reverses; cumulative response overshoots
MU_Q3_2022,MU,Q3 2022,2022-06-30T16:30:00-04:00,50.0,60.0,180.0,240.0,0.006712921045497543,103.2556730314666,0.003395694600885008,0.016261891592020072,20.0,85.0,primary_verified,https://investors.micron.com/news/press-release/2022/Micron-Technology-Inc--Reports-Results-for-the-Third-Quarter-of-Fiscal-2022-06-30-2022/default.aspx,https://www.marketbeat.com/earnings/reports/2022-6-30-micron-technology-inc-stock/,huggingface-ggaddam-finnhub-1m,https://huggingface.co/datasets/ggaddam/OHLCV-1m/blob/main/data/ohlcv_2022-06.parquet,QQQ,cumulative response reverses; cumulative response overshoots
MU_Q4_2022,MU,Q4 2022,2022-09-29T16:30:00-04:00,67.0,60.0,480.0,540.0,0.0017038785034631044,406.8055199658516,0.0008631889841380487,0.017694548140985922,20.0,65.0,source_reported_unverified,https://www.marketbeat.com/earnings/reports/2022-9-29-micron-technology-inc-stock/,https://www.marketbeat.com/earnings/reports/2022-9-29-micron-technology-inc-stock/,huggingface-ggaddam-finnhub-1m,https://huggingface.co/datasets/ggaddam/OHLCV-1m/blob/main/data/ohlcv_2022-09.parquet,QQQ,cumulative response reverses; cumulative response overshoots
MU_Q1_2023,MU,Q1 2023,2022-12-21T16:30:00-05:00,52.0,60.0,300.0,300.0,0.0015820331007273924,438.13696454343955,0.00046994684672813043,0.011257806882902122,20.0,45.0,source_reported_unverified,https://www.marketbeat.com/earnings/reports/2022-12-21-micron-technology-inc-stock/,https://www.marketbeat.com/earnings/reports/2022-12-21-micron-technology-inc-stock/,huggingface-ggaddam-finnhub-1m,https://huggingface.co/datasets/ggaddam/OHLCV-1m/blob/main/data/ohlcv_2022-12.parquet,QQQ,cumulative response reverses; cumulative response overshoots
MU_Q3_2023,MU,Q3 2023,2023-06-28T16:30:00-04:00,42.0,60.0,300.0,420.0,0.003058409727244012,226.63646874565515,0.0021896912910670855,0.01727278415482214,20.0,95.0,source_reported_unverified,https://www.marketbeat.com/earnings/reports/2023-6-28-micron-technology-inc-stock/,https://www.marketbeat.com/earnings/reports/2023-6-28-micron-technology-inc-stock/,huggingface-ggaddam-finnhub-1m,https://huggingface.co/datasets/ggaddam/OHLCV-1m/blob/main/data/ohlcv_2023-06.parquet,QQQ,cumulative response reverses
MU_Q4_2023,MU,Q4 2023,2023-09-27T16:30:00-04:00,49.0,60.0,300.0,360.0,0.004373114513982973,158.5019505763265,0.0011468604877249862,0.01625928204003335,20.0,70.0,source_reported_unverified,https://www.marketbeat.com/earnings/reports/2023-9-27-micron-technology-inc-stock/,https://www.marketbeat.com/earnings/reports/2023-9-27-micron-technology-inc-stock/,huggingface-ggaddam-finnhub-1m,https://huggingface.co/datasets/ggaddam/OHLCV-1m/blob/main/data/ohlcv_2023-09.parquet,QQQ,cumulative response reverses; cumulative response overshoots
MU_Q1_2024,MU,Q1 2024,2023-12-20T16:30:00-05:00,44.0,60.0,240.0,300.0,0.0038328411235982987,180.84422448202437,0.00033750221112250115,0.020898000377804316,20.0,45.0,source_reported_unverified,https://www.marketbeat.com/earnings/reports/2023-12-20-micron-technology-inc-stock/,https://www.marketbeat.com/earnings/reports/2023-12-20-micron-technology-inc-stock/,huggingface-ggaddam-finnhub-1m,https://huggingface.co/datasets/ggaddam/OHLCV-1m/blob/main/data/ohlcv_2023-12.parquet,QQQ,cumulative response reverses; cumulative response overshoots
MU_Q2_2024,MU,Q2 2024,2024-03-20T16:30:00-04:00,46.0,60.0,120.0,120.0,0.001641804320360626,422.1862325272076,0.0010825365799074743,0.02175488690904781,20.0,40.0,source_reported_unverified,https://www.marketbeat.com/earnings/reports/2024-3-20-micron-technology-inc-stock/,https://www.marketbeat.com/earnings/reports/2024-3-20-micron-technology-inc-stock/,huggingface-ggaddam-finnhub-1m,https://huggingface.co/datasets/ggaddam/OHLCV-1m/blob/main/data/ohlcv_2024-03.parquet,QQQ,cumulative response reverses; cumulative response overshoots
MU_Q3_2024,MU,Q3 2024,2024-06-26T16:30:00-04:00,56.0,60.0,240.0,660.0,0.00279985228250217,247.5656251195131,0.003776625110415217,0.0116886775479772,20.0,80.0,source_reported_unverified,https://www.marketbeat.com/earnings/reports/2024-6-26-micron-technology-inc-stock/,https://www.marketbeat.com/earnings/reports/2024-6-26-micron-technology-inc-stock/,huggingface-ggaddam-finnhub-1m,https://huggingface.co/datasets/ggaddam/OHLCV-1m/blob/main/data/ohlcv_2024-06.parquet,QQQ,cumulative response reverses
MU_Q4_2024,MU,Q4 2024,2024-09-25T16:30:00-04:00,45.0,60.0,120.0,300.0,0.007451141912980637,93.02563132671159,0.0015339748998787401,0.016664617446141672,20.0,75.0,source_reported_unverified,https://www.marketbeat.com/earnings/reports/2024-9-25-micron-technology-inc-stock/,https://www.marketbeat.com/earnings/reports/2024-9-25-micron-technology-inc-stock/,huggingface-ggaddam-finnhub-1m,https://huggingface.co/datasets/ggaddam/OHLCV-1m/blob/main/data/ohlcv_2024-09.parquet,QQQ,cumulative response reverses
MU_Q1_2025,MU,Q1 2025,2024-12-18T16:30:00-05:00,50.0,60.0,180.0,180.0,0.005764437049827792,120.24542458671702,-0.002793922911910079,0.011635231445318084,20.0,90.0,source_reported_unverified,https://www.marketbeat.com/earnings/reports/2024-12-18-micron-technology-inc-stock/,https://www.marketbeat.com/earnings/reports/2024-12-18-micron-technology-inc-stock/,huggingface-ggaddam-finnhub-1m,https://huggingface.co/datasets/ggaddam/OHLCV-1m/blob/main/data/ohlcv_2024-12.parquet,QQQ,cumulative response reverses; cumulative response overshoots
MU_Q2_2025,MU,Q2 2025,2025-03-20T16:30:00-04:00,50.0,60.0,180.0,300.0,0.002020614011629419,343.03789668418307,-0.0007655001743459006,0.016157577456841654,20.0,40.0,source_reported_unverified,https://www.marketbeat.com/earnings/reports/2025-3-20-micron-technology-inc-stock/,https://www.marketbeat.com/earnings/reports/2025-3-20-micron-technology-inc-stock/,huggingface-ggaddam-finnhub-1m,https://huggingface.co/datasets/ggaddam/OHLCV-1m/blob/main/data/ohlcv_2025-03.parquet,QQQ,cumulative response reverses; cumulative response overshoots
MU_Q3_2025,MU,Q3 2025,2025-06-25T16:30:00-04:00,44.0,60.0,120.0,420.0,0.003115794517422954,222.46241742964526,0.001362518828489949,0.01835553199290285,20.0,85.0,source_reported_unverified,https://www.marketbeat.com/earnings/reports/2025-6-25-micron-technology-inc-stock/,https://www.marketbeat.com/earnings/reports/2025-6-25-micron-technology-inc-stock/,huggingface-ggaddam-finnhub-1m,https://huggingface.co/datasets/ggaddam/OHLCV-1m/blob/main/data/ohlcv_2025-06.parquet,QQQ,cumulative response reverses; cumulative response overshoots
MU_Q4_2025,MU,Q4 2025,2025-09-23T16:30:00-04:00,46.0,60.0,180.0,180.0,0.006231523782887877,111.2323734466628,0.0009290382610345954,0.01596756980948788,20.0,50.0,source_reported_unverified,https://www.marketbeat.com/earnings/reports/2025-9-23-micron-technology-inc-stock/,https://www.marketbeat.com/earnings/reports/2025-9-23-micron-technology-inc-stock/,huggingface-mito0o852-finnhub-1m,https://huggingface.co/datasets/mito0o852/OHLCV-1m/blob/main/data/ohlcv_2025-09.parquet,QQQ,cumulative response reverses; cumulative response overshoots
MU_Q1_2026,MU,Q1 2026,2025-12-17T16:30:00-05:00,52.0,60.0,120.0,300.0,0.004945759837676637,140.1497855353939,-0.0019445091645824161,0.010156260112633708,20.0,70.0,source_reported_unverified,https://www.marketbeat.com/earnings/reports/2025-12-17-micron-technology-inc-stock/,https://www.marketbeat.com/earnings/reports/2025-12-17-micron-technology-inc-stock/,huggingface-mito0o852-finnhub-1m,https://huggingface.co/datasets/mito0o852/OHLCV-1m/blob/main/data/ohlcv_2025-12.parquet,QQQ,cumulative response reverses; cumulative response overshoots
MU_Q2_2026,MU,Q2 2026,2026-03-18T16:30:00-04:00,49.0,60.0,420.0,420.0,0.0019064389869810736,363.5821472878988,-0.000787388695084552,0.00968795343475981,20.0,40.0,source_reported_unverified,https://www.marketbeat.com/earnings/reports/2026-3-18-micron-technology-inc-stock/,https://www.marketbeat.com/earnings/reports/2026-3-18-micron-technology-inc-stock/,huggingface-mito0o852-finnhub-1m,https://huggingface.co/datasets/mito0o852/OHLCV-1m/blob/main/data/ohlcv_2026-03.parquet,QQQ,cumulative response reverses; cumulative response overshoots
NVDA_Q4_2020,NVDA,Q4 2020,2020-02-13T17:30:00-05:00,25.0,60.0,60.0,60.0,0.21666379399305025,3.1991832497042805,-0.0005119061556635798,0.04885490413124127,20.0,30.0,primary_verified,https://nvidianews.nvidia.com/news/nvidia-announces-financial-results-for-fourth-quarter-and-fiscal-2020,https://www.marketbeat.com/earnings/reports/2020-2-13-nvidia-co-stock/,huggingface-ggaddam-finnhub-1m,https://huggingface.co/datasets/ggaddam/OHLCV-1m/blob/main/data/ohlcv_2020-02.parquet,SPY,cumulative response reverses; cumulative response overshoots; exponential half-life below price resolution
NVDA_Q1_2021,NVDA,Q1 2021,2020-05-21T17:30:00-04:00,30.0,60.0,180.0,240.0,0.002556414218860077,271.140402617939,-0.0003725516814160365,0.03378191055740298,20.0,30.0,primary_verified,https://nvidianews.nvidia.com/news/nvidia-announces-financial-results-for-first-quarter-fiscal-2021,https://www.marketbeat.com/earnings/reports/2020-5-21-nvidia-co-stock/,huggingface-ggaddam-finnhub-1m,https://huggingface.co/datasets/ggaddam/OHLCV-1m/blob/main/data/ohlcv_2020-05.parquet,SPY,cumulative response reverses; cumulative response overshoots
NVDA_Q3_2021,NVDA,Q3 2021,2020-11-18T17:00:00-05:00,29.0,60.0,360.0,360.0,0.001760739976735519,393.66811097517495,-0.0015421881015841854,0.08712240982929997,20.0,85.0,primary_verified,https://nvidianews.nvidia.com/news/nvidia-announces-financial-results-for-third-quarter-fiscal-2021,https://www.marketbeat.com/earnings/reports/2020-11-18-nvidia-co-stock/,huggingface-ggaddam-finnhub-1m,https://huggingface.co/datasets/ggaddam/OHLCV-1m/blob/main/data/ohlcv_2020-11.parquet,QQQ,cumulative response reverses; cumulative response overshoots
NVDA_Q4_2021,NVDA,Q4 2021,2021-02-24T17:00:00-05:00,25.0,60.0,240.0,300.0,0.004216719141392843,164.38068491585352,0.0025255995440520004,0.05435379890722303,20.0,65.0,primary_verified,https://nvidianews.nvidia.com/news/nvidia-sets-conference-call-for-fourth-quarter-financial-results-6832142,https://www.marketbeat.com/earnings/reports/2021-2-25-nvidia-co-stock/,huggingface-ggaddam-finnhub-1m,https://huggingface.co/datasets/ggaddam/OHLCV-1m/blob/main/data/ohlcv_2021-02.parquet,QQQ,cumulative response reverses; cumulative response overshoots
NVDA_Q4_2022,NVDA,Q4 2022,2022-02-16T17:30:00-05:00,38.0,60.0,180.0,360.0,0.0027643223752299305,250.7475925279123,-0.00043125763175303096,0.010060121455950144,20.0,15.0,primary_verified,https://nvidianews.nvidia.com/news/nvidia-announces-financial-results-for-fourth-quarter-and-fiscal-2022,https://www.marketbeat.com/earnings/reports/2022-2-16-nvidia-co-stock/,huggingface-ggaddam-finnhub-1m,https://huggingface.co/datasets/ggaddam/OHLCV-1m/blob/main/data/ohlcv_2022-02.parquet,QQQ,cumulative response reverses; cumulative response overshoots
NVDA_Q1_2023,NVDA,Q1 2023,2022-05-25T17:00:00-04:00,35.0,60.0,60.0,60.0,0.004023475152364336,172.27574529760113,-0.0006910079362166305,0.015847904980012317,20.0,30.0,primary_verified,https://nvidianews.nvidia.com/news/nvidia-announces-financial-results-for-first-quarter-fiscal-2023,https://www.marketbeat.com/earnings/reports/2022-5-25-nvidia-co-stock/,huggingface-ggaddam-finnhub-1m,https://huggingface.co/datasets/ggaddam/OHLCV-1m/blob/main/data/ohlcv_2022-05.parquet,QQQ,cumulative response reverses; cumulative response overshoots
NVDA_Q2_2023,NVDA,Q2 2023,2022-08-24T17:00:00-04:00,24.0,60.0,360.0,480.0,0.0027358934087308184,253.35313808204847,0.002860486263325509,0.028377199569740386,20.0,80.0,primary_verified,https://nvidianews.nvidia.com/news/nvidia-announces-financial-results-for-second-quarter-fiscal-2023,https://www.marketbeat.com/earnings/reports/2022-8-24-nvidia-co-stock/,huggingface-ggaddam-finnhub-1m,https://huggingface.co/datasets/ggaddam/OHLCV-1m/blob/main/data/ohlcv_2022-08.parquet,QQQ,cumulative response reverses; cumulative response overshoots
NVDA_Q3_2023,NVDA,Q3 2023,2022-11-16T17:00:00-05:00,34.0,60.0,60.0,60.0,0.0019116306739399018,362.5947156054771,-1.4968970093681935e-05,0.029713480993141084,20.0,0.0,primary_verified,https://nvidianews.nvidia.com/news/nvidia-announces-financial-results-for-third-quarter-fiscal-2023,https://www.marketbeat.com/earnings/reports/2022-11-16-nvidia-co-stock/,huggingface-ggaddam-finnhub-1m,https://huggingface.co/datasets/ggaddam/OHLCV-1m/blob/main/data/ohlcv_2022-11.parquet,SPY,cumulative response reverses; cumulative response overshoots
NVDA_Q4_2023,NVDA,Q4 2023,2023-02-22T17:00:00-05:00,23.0,60.0,420.0,480.0,0.002942296920376752,235.58029638667125,0.0026423876126198385,0.034538541020998736,20.0,95.0,source_reported_unverified,https://www.marketbeat.com/earnings/reports/2023-2-22-nvidia-co-stock/,https://www.marketbeat.com/earnings/reports/2023-2-22-nvidia-co-stock/,huggingface-ggaddam-finnhub-1m,https://huggingface.co/datasets/ggaddam/OHLCV-1m/blob/main/data/ohlcv_2023-02.parquet,QQQ,cumulative response reverses; cumulative response overshoots
NVDA_Q1_2024,NVDA,Q1 2024,2023-05-24T17:00:00-04:00,39.0,60.0,120.0,120.0,0.004369087658263368,158.64803702186614,-0.002824093839429164,0.025526792884275507,20.0,30.0,source_reported_unverified,https://www.marketbeat.com/earnings/reports/2023-5-24-nvidia-co-stock/,https://www.marketbeat.com/earnings/reports/2023-5-24-nvidia-co-stock/,huggingface-ggaddam-finnhub-1m,https://huggingface.co/datasets/ggaddam/OHLCV-1m/blob/main/data/ohlcv_2023-05.parquet,QQQ,cumulative response reverses; cumulative response overshoots
NVDA_Q2_2024,NVDA,Q2 2024,2023-08-23T17:00:00-04:00,45.0,60.0,360.0,660.0,0.002093434789446013,331.10521715528256,-0.0014370978564493498,0.00934197268890602,20.0,90.0,source_reported_unverified,https://www.marketbeat.com/earnings/reports/2023-8-23-nvidia-co-stock/,https://www.marketbeat.com/earnings/reports/2023-8-23-nvidia-co-stock/,huggingface-ggaddam-finnhub-1m,https://huggingface.co/datasets/ggaddam/OHLCV-1m/blob/main/data/ohlcv_2023-08.parquet,QQQ,cumulative response reverses
NVDA_Q4_2024,NVDA,Q4 2024,2024-02-21T17:00:00-05:00,36.0,60.0,180.0,180.0,0.008291406790275494,83.59825999285152,-0.0004720768900972008,0.013153757244671715,20.0,5.0,source_reported_unverified,https://www.marketbeat.com/earnings/reports/2024-2-21-nvidia-co-stock/,https://www.marketbeat.com/earnings/reports/2024-2-21-nvidia-co-stock/,huggingface-ggaddam-finnhub-1m,https://huggingface.co/datasets/ggaddam/OHLCV-1m/blob/main/data/ohlcv_2024-02.parquet,QQQ,cumulative response reverses; cumulative response overshoots
NVDA_Q1_2025,NVDA,Q1 2025,2024-05-22T17:00:00-04:00,34.0,60.0,60.0,480.0,0.0030925009942456144,224.13806231581563,0.000818317475150182,0.031413348839950395,20.0,20.0,source_reported_unverified,https://www.marketbeat.com/earnings/reports/2024-5-22-nvidia-co-stock/,https://www.marketbeat.com/earnings/reports/2024-5-22-nvidia-co-stock/,huggingface-ggaddam-finnhub-1m,https://huggingface.co/datasets/ggaddam/OHLCV-1m/blob/main/data/ohlcv_2024-05.parquet,QQQ,cumulative response reverses; cumulative response overshoots
NVDA_Q2_2025,NVDA,Q2 2025,2024-08-28T17:00:00-04:00,38.0,60.0,660.0,660.0,0.00037662790435922383,1840.4031473430832,-8.255656155024154e-05,0.026866521793738163,20.0,0.0,source_reported_unverified,https://www.marketbeat.com/earnings/reports/2024-8-28-nvidia-co-stock/,https://www.marketbeat.com/earnings/reports/2024-8-28-nvidia-co-stock/,huggingface-ggaddam-finnhub-1m,https://huggingface.co/datasets/ggaddam/OHLCV-1m/blob/main/data/ohlcv_2024-08.parquet,QQQ,cumulative response reverses; cumulative response overshoots
NVDA_Q3_2025,NVDA,Q3 2025,2024-11-20T17:00:00-05:00,28.0,60.0,240.0,360.0,0.003853053731270256,179.89553972075853,0.0021680860304182266,0.02759884634581522,100.0,99.0,source_reported_unverified,https://www.marketbeat.com/earnings/reports/2024-11-20-nvidia-co-stock/,https://www.marketbeat.com/earnings/reports/2024-11-20-nvidia-co-stock/,huggingface-ggaddam-finnhub-1m,https://huggingface.co/datasets/ggaddam/OHLCV-1m/blob/main/data/ohlcv_2024-11.parquet,QQQ,cumulative response reverses; cumulative response overshoots
NVDA_Q4_2025,NVDA,Q4 2025,2025-02-26T17:00:00-05:00,32.0,60.0,600.0,660.0,0.000762116183329139,909.5032958519295,0.0019225881449401185,0.02308570516659536,100.0,65.0,source_reported_unverified,https://www.marketbeat.com/earnings/reports/2025-2-26-nvidia-co-stock/,https://www.marketbeat.com/earnings/reports/2025-2-26-nvidia-co-stock/,huggingface-ggaddam-finnhub-1m,https://huggingface.co/datasets/ggaddam/OHLCV-1m/blob/main/data/ohlcv_2025-02.parquet,QQQ,cumulative response reverses; cumulative response overshoots
NVDA_Q1_2026,NVDA,Q1 2026,2025-05-28T17:00:00-04:00,30.0,60.0,480.0,600.0,0.0016755201284993533,413.69075117035385,-0.0012230797030176469,0.0339900256040907,100.0,74.0,source_reported_unverified,https://www.marketbeat.com/earnings/reports/2025-5-28-nvidia-co-stock/,https://www.marketbeat.com/earnings/reports/2025-5-28-nvidia-co-stock/,huggingface-ggaddam-finnhub-1m,https://huggingface.co/datasets/ggaddam/OHLCV-1m/blob/main/data/ohlcv_2025-05.parquet,QQQ,cumulative response reverses; cumulative response overshoots
NVDA_Q2_2026,NVDA,Q2 2026,2025-08-27T17:00:00-04:00,25.0,60.0,120.0,120.0,0.0011083012385506602,625.4140629368806,-0.0003983821538737115,0.019569290785481086,20.0,40.0,source_reported_unverified,https://investor.nvidia.com/events-and-presentations/events-and-presentations/event-details/2025/NVIDIA-2nd-Quarter-FY26-Financial-Results/default.aspx,https://static.events.q4inc.com/companyAssets/60463d79a87a4500081fcfd3/videos/68386bf4f82abce03c5b577a/videoRecordingLinkc3e2a388-3c17-4875-975b-45be6f9955ed.vtt,huggingface-mito0o852-finnhub-1m,https://huggingface.co/datasets/mito0o852/OHLCV-1m/blob/main/data/ohlcv_2025-08.parquet,QQQ,cumulative response reverses; cumulative response overshoots
NVDA_Q3_2026,NVDA,Q3 2026,2025-11-19T17:00:00-05:00,28.0,60.0,120.0,120.0,0.013952098855543538,49.68049522416762,0.002560649142929714,0.04626562224595754,20.0,70.0,source_reported_unverified,https://investor.nvidia.com/events-and-presentations/events-and-presentations/event-details/2025/NVIDIA-3rd-Quarter-FY26-Financial-Results/default.aspx,https://static.events.q4inc.com/companyAssets/60463d79a87a4500081fcfd3/videos/68b067e9d929fa0fd181586c/videoRecordingLink07499229-b730-4d13-bc23-d4cfb33073e3.vtt,huggingface-mito0o852-finnhub-1m,https://huggingface.co/datasets/mito0o852/OHLCV-1m/blob/main/data/ohlcv_2025-11.parquet,QQQ,cumulative response reverses; cumulative response overshoots; exponential half-life below price resolution
NVDA_Q4_2026,NVDA,Q4 2026,2026-02-25T17:00:00-05:00,24.0,60.0,120.0,120.0,0.0022765275795979863,304.475635073285,0.0009676743069266427,0.05625686985149836,20.0,70.0,source_reported_unverified,https://investor.nvidia.com/events-and-presentations/events-and-presentations/event-details/2026/NVIDIA-4th-Quarter-FY26-Financial-Results-2026-sO6kGS3C2P/default.aspx,https://static.events.q4inc.com/companyAssets/60463d79a87a4500081fcfd3/videos/6973a18d1607690e3468a065/videoRecordingLink9a7cf54b-b9ad-4994-ad39-e3117c87ce0b.vtt,huggingface-mito0o852-finnhub-1m,https://huggingface.co/datasets/mito0o852/OHLCV-1m/blob/main/data/ohlcv_2026-02.parquet,QQQ,cumulative response reverses; cumulative response overshoots
SNOW_Q4_2021,SNOW,Q4 2021,2021-03-03T17:00:00-05:00,15.0,60.0,240.0,660.0,0.002862042339772477,242.1862077047568,0.019613031366011578,0.06803729131625769,20.0,70.0,primary_verified,https://www.snowflake.com/en/news/press-releases/snowflake-to-announce-financial-results-for-the-fourth-quarter-and-full-year-of-fiscal-2021-on-march-3-2021/,https://www.marketbeat.com/earnings/reports/2021-3-3-snowflake-inc-stock/,huggingface-ggaddam-finnhub-1m,https://huggingface.co/datasets/ggaddam/OHLCV-1m/blob/main/data/ohlcv_2021-03.parquet,QQQ,cumulative response reverses
SNOW_Q3_2022,SNOW,Q3 2022,2021-12-01T17:00:00-05:00,18.0,60.0,240.0,240.0,0.002238074647792941,309.70690867862106,0.000459231303445564,0.03435201741957872,20.0,25.0,primary_verified,https://www.snowflake.com/en/news/press-releases/snowflake-reports-financial-results-for-the-third-quarter-of-fiscal-2022/,https://www.marketbeat.com/earnings/reports/2021-12-1-snowflake-inc-stock/,huggingface-ggaddam-finnhub-1m,https://huggingface.co/datasets/ggaddam/OHLCV-1m/blob/main/data/ohlcv_2021-12.parquet,QQQ,cumulative response reverses; cumulative response overshoots
SNOW_Q4_2022,SNOW,Q4 2022,2022-03-02T17:00:00-05:00,19.0,60.0,60.0,60.0,0.24133565864636825,2.8721291517704035,0.002042551329670237,0.03107192283247706,20.0,15.0,primary_verified,https://www.snowflake.com/en/news/press-releases/snowflake-reports-financial-results-for-the-fourth-quarter-and-full-year-of-fiscal-2022/,https://www.marketbeat.com/earnings/reports/2022-3-2-snowflake-inc-stock/,huggingface-ggaddam-finnhub-1m,https://huggingface.co/datasets/ggaddam/OHLCV-1m/blob/main/data/ohlcv_2022-03.parquet,SPY,cumulative response reverses; cumulative response overshoots; exponential half-life below price resolution
SNOW_Q1_2023,SNOW,Q1 2023,2022-05-25T17:00:00-04:00,22.0,60.0,120.0,120.0,0.010742950433431212,64.52111874247564,0.0012517395814992316,0.05195054711618463,20.0,35.0,primary_verified,https://www.snowflake.com/en/news/press-releases/snowflake-reports-financial-results-for-the-first-quarter-of-fiscal-2023/,https://www.marketbeat.com/earnings/reports/2022-5-25-snowflake-inc-stock/,huggingface-ggaddam-finnhub-1m,https://huggingface.co/datasets/ggaddam/OHLCV-1m/blob/main/data/ohlcv_2022-05.parquet,QQQ,cumulative response reverses; cumulative response overshoots
SNOW_Q2_2023,SNOW,Q2 2023,2022-08-24T17:00:00-04:00,16.0,60.0,120.0,240.0,0.00826183448786406,83.89749051232147,0.0018175432516719105,0.04796496052003674,20.0,50.0,primary_verified,https://www.snowflake.com/en/news/press-releases/snowflake-reports-financial-results-for-the-second-quarter-of-fiscal-2023/,https://www.marketbeat.com/earnings/reports/2022-8-24-snowflake-inc-stock/,huggingface-ggaddam-finnhub-1m,https://huggingface.co/datasets/ggaddam/OHLCV-1m/blob/main/data/ohlcv_2022-08.parquet,QQQ,cumulative response reverses; cumulative response overshoots
SNOW_Q3_2023,SNOW,Q3 2023,2022-11-30T17:00:00-05:00,13.0,60.0,660.0,660.0,0.0005158228258014612,1343.7698874278506,0.0046379273539328605,0.09597012034938046,20.0,5.0,source_reported_unverified,https://www.marketbeat.com/earnings/reports/2022-11-30-snowflake-inc-stock/,https://www.marketbeat.com/earnings/reports/2022-11-30-snowflake-inc-stock/,huggingface-ggaddam-finnhub-1m,https://huggingface.co/datasets/ggaddam/OHLCV-1m/blob/main/data/ohlcv_2022-11.parquet,QQQ,cumulative response reverses; cumulative response overshoots
SNOW_Q4_2023,SNOW,Q4 2023,2023-03-01T17:00:00-05:00,28.0,60.0,240.0,480.0,0.0032227026651069964,215.0825727935817,0.003930315147350208,0.02832255109868753,20.0,95.0,source_reported_unverified,https://www.marketbeat.com/earnings/reports/2023-3-1-snowflake-inc-stock/,https://www.marketbeat.com/earnings/reports/2023-3-1-snowflake-inc-stock/,huggingface-ggaddam-finnhub-1m,https://huggingface.co/datasets/ggaddam/OHLCV-1m/blob/main/data/ohlcv_2023-03.parquet,QQQ,cumulative response reverses
SNOW_Q1_2024,SNOW,Q1 2024,2023-05-24T17:00:00-04:00,18.0,60.0,480.0,540.0,0.001496139606363453,463.29044269118896,-0.0017007313977767226,0.03261074774390149,20.0,60.0,source_reported_unverified,https://www.marketbeat.com/earnings/reports/2023-5-24-snowflake-inc-stock/,https://www.marketbeat.com/earnings/reports/2023-5-24-snowflake-inc-stock/,huggingface-ggaddam-finnhub-1m,https://huggingface.co/datasets/ggaddam/OHLCV-1m/blob/main/data/ohlcv_2023-05.parquet,QQQ,cumulative response reverses; cumulative response overshoots
SNOW_Q2_2024,SNOW,Q2 2024,2023-08-23T17:00:00-04:00,10.0,60.0,420.0,420.0,0.002158521974842365,321.12120638038226,0.0013964886362132724,0.08208781235418117,20.0,85.0,source_reported_unverified,https://www.marketbeat.com/earnings/reports/2023-8-23-snowflake-inc-stock/,https://www.marketbeat.com/earnings/reports/2023-8-23-snowflake-inc-stock/,huggingface-ggaddam-finnhub-1m,https://huggingface.co/datasets/ggaddam/OHLCV-1m/blob/main/data/ohlcv_2023-08.parquet,QQQ,cumulative response reverses; cumulative response overshoots
SNOW_Q1_2025,SNOW,Q1 2025,2024-05-22T17:00:00-04:00,15.0,60.0,360.0,360.0,0.0029565807358465156,234.44216224370626,0.006115443593160564,0.1267418546762622,20.0,40.0,source_reported_unverified,https://www.marketbeat.com/earnings/reports/2024-5-22-snowflake-inc-stock/,https://www.marketbeat.com/earnings/reports/2024-5-22-snowflake-inc-stock/,huggingface-ggaddam-finnhub-1m,https://huggingface.co/datasets/ggaddam/OHLCV-1m/blob/main/data/ohlcv_2024-05.parquet,QQQ,cumulative response reverses; cumulative response overshoots
SNOW_Q3_2025,SNOW,Q3 2025,2024-11-20T17:00:00-05:00,21.0,60.0,180.0,300.0,0.006763083763847859,102.48981156571969,-0.0014145715279784625,0.010628371793664715,20.0,80.0,source_reported_unverified,https://www.marketbeat.com/earnings/reports/2024-11-20-snowflake-inc-stock/,https://www.marketbeat.com/earnings/reports/2024-11-20-snowflake-inc-stock/,huggingface-ggaddam-finnhub-1m,https://huggingface.co/datasets/ggaddam/OHLCV-1m/blob/main/data/ohlcv_2024-11.parquet,QQQ,cumulative response reverses; cumulative response overshoots
SNOW_Q4_2025,SNOW,Q4 2025,2025-02-26T17:00:00-05:00,18.0,60.0,120.0,180.0,0.008570188560948011,80.8788716409842,0.004386597803390392,0.03289710735330775,20.0,40.0,source_reported_unverified,https://www.marketbeat.com/earnings/reports/2025-2-26-snowflake-inc-stock/,https://www.marketbeat.com/earnings/reports/2025-2-26-snowflake-inc-stock/,huggingface-ggaddam-finnhub-1m,https://huggingface.co/datasets/ggaddam/OHLCV-1m/blob/main/data/ohlcv_2025-02.parquet,QQQ,cumulative response reverses; cumulative response overshoots
SNOW_Q1_2026,SNOW,Q1 2026,2025-05-21T17:00:00-04:00,21.0,60.0,660.0,660.0,0.00039066762426855675,1774.2631779577796,-0.0007190457242884936,0.047040924628286906,20.0,25.0,source_reported_unverified,https://www.marketbeat.com/earnings/reports/2025-5-21-snowflake-inc-stock/,https://www.marketbeat.com/earnings/reports/2025-5-21-snowflake-inc-stock/,huggingface-ggaddam-finnhub-1m,https://huggingface.co/datasets/ggaddam/OHLCV-1m/blob/main/data/ohlcv_2025-05.parquet,QQQ,cumulative response reverses; cumulative response overshoots
SNOW_Q2_2026,SNOW,Q2 2026,2025-08-27T17:00:00-04:00,7.0,60.0,120.0,180.0,0.010701115431747005,64.77335797197226,0.0023347407399670105,0.08285741492670551,20.0,55.00000000000001,source_reported_unverified,https://www.marketbeat.com/earnings/reports/2025-8-27-snowflake-inc-stock/,https://www.marketbeat.com/earnings/reports/2025-8-27-snowflake-inc-stock/,huggingface-mito0o852-finnhub-1m,https://huggingface.co/datasets/mito0o852/OHLCV-1m/blob/main/data/ohlcv_2025-08.parquet,QQQ,fewer than 10 modeled events; cumulative response reverses; cumulative response overshoots
SNOW_Q3_2026,SNOW,Q3 2026,2025-12-03T17:00:00-05:00,34.0,60.0,300.0,420.0,0.003812366133580494,181.81548053700604,0.0034178912279367647,0.031135657623203583,20.0,100.0,source_reported_unverified,https://www.marketbeat.com/earnings/reports/2025-12-3-snowflake-inc-stock/,https://www.marketbeat.com/earnings/reports/2025-12-3-snowflake-inc-stock/,huggingface-mito0o852-finnhub-1m,https://huggingface.co/datasets/mito0o852/OHLCV-1m/blob/main/data/ohlcv_2025-12.parquet,SPY,cumulative response reverses; cumulative response overshoots
SNOW_Q4_2026,SNOW,Q4 2026,2026-02-25T17:00:00-05:00,30.0,60.0,300.0,540.0,0.0011775666880870284,588.6266888934939,0.0003493763642628528,0.05707726396650681,20.0,0.0,source_reported_unverified,https://www.marketbeat.com/earnings/reports/2026-2-25-snowflake-inc-stock/,https://www.marketbeat.com/earnings/reports/2026-2-25-snowflake-inc-stock/,huggingface-mito0o852-finnhub-1m,https://huggingface.co/datasets/mito0o852/OHLCV-1m/blob/main/data/ohlcv_2026-02.parquet,QQQ,cumulative response reverses; cumulative response overshoots
SNOW_Q2_2027,SNOW,Q2 2027,2026-09-02T17:00:00-04:00,23.0,60.0,480.0,660.0,0.0017035879415385835,406.8749042294431,0.002024602483455328,0.03895685242141289,100.0,50.0,source_reported_unverified,https://www.marketbeat.com/earnings/reports/2026-9-2-snowflake-inc-stock/,https://www.marketbeat.com/earnings/reports/2026-9-2-snowflake-inc-stock/,yahoo-chart-1m,,QQQ,cumulative response reverses; cumulative response overshoots
TSLA_Q4_2019,TSLA,Q4 2019,2020-01-29T18:30:00-05:00,26.0,60.0,60.0,60.0,0.24133565864636825,2.8721291517704035,0.00018422246914039274,0.05315120269677531,20.0,35.0,source_reported_unverified,https://www.marketbeat.com/earnings/reports/2020-1-29-tesla-inc-stock/,https://www.marketbeat.com/earnings/reports/2020-1-29-tesla-inc-stock/,huggingface-ggaddam-finnhub-1m,https://huggingface.co/datasets/ggaddam/OHLCV-1m/blob/main/data/ohlcv_2020-01.parquet,SPY,cumulative response reverses; cumulative response overshoots; exponential half-life below price resolution
TSLA_Q1_2020,TSLA,Q1 2020,2020-04-29T18:30:00-04:00,15.0,60.0,300.0,660.0,0.0013036035768352243,531.7162309746863,0.002819119486695272,0.08278280698398133,20.0,95.0,source_reported_unverified,https://www.marketbeat.com/earnings/reports/2020-4-29-tesla-inc-stock/,https://www.marketbeat.com/earnings/reports/2020-4-29-tesla-inc-stock/,huggingface-ggaddam-finnhub-1m,https://huggingface.co/datasets/ggaddam/OHLCV-1m/blob/main/data/ohlcv_2020-04.parquet,SPY,cumulative response reverses; cumulative response overshoots
TSLA_Q3_2020,TSLA,Q3 2020,2020-10-21T17:30:00-04:00,13.0,60.0,60.0,120.0,0.015803427119588587,43.86056108682774,-0.001595312504206718,0.03536993032229274,20.0,90.0,primary_verified,https://ir.tesla.com/_flysystem/s3/sec/000156459020047108/tsla-8k_20201021-gen.pdf,https://www.marketbeat.com/earnings/reports/2020-10-21-tesla-inc-stock/,huggingface-ggaddam-finnhub-1m,https://huggingface.co/datasets/ggaddam/OHLCV-1m/blob/main/data/ohlcv_2020-10.parquet,QQQ,cumulative response reverses; cumulative response overshoots; exponential half-life below price resolution
TSLA_Q4_2020,TSLA,Q4 2020,2021-01-27T18:30:00-05:00,5.0,60.0,120.0,180.0,0.003543903132809927,195.5886361968239,-0.0073007550163662425,0.31439668571429735,20.0,75.0,primary_verified,https://ir.tesla.com/press-release/tesla-releases-fourth-quarter-and-full-year-2020-financial-results,https://www.marketbeat.com/earnings/reports/2021-1-27-tesla-inc-stock/,huggingface-ggaddam-finnhub-1m,https://huggingface.co/datasets/ggaddam/OHLCV-1m/blob/main/data/ohlcv_2021-01.parquet,QQQ,fewer than 10 modeled events; cumulative response reverses; cumulative response overshoots
TSLA_Q4_2021,TSLA,Q4 2021,2022-01-26T17:30:00-05:00,13.0,60.0,360.0,540.0,0.0020708912312045516,334.7096023757705,-0.004439240411647787,0.07342980759639506,20.0,60.0,primary_verified,https://ir.tesla.com/press-release/tesla-releases-fourth-quarter-and-full-year-2021-financial-results,https://www.marketbeat.com/earnings/reports/2022-1-26-tesla-inc-stock/,huggingface-ggaddam-finnhub-1m,https://huggingface.co/datasets/ggaddam/OHLCV-1m/blob/main/data/ohlcv_2022-01.parquet,QQQ,cumulative response reverses; cumulative response overshoots
TSLA_Q1_2022,TSLA,Q1 2022,2022-04-20T17:30:00-04:00,24.0,60.0,60.0,60.0,0.21666379399305025,3.1991832497042805,0.0006381562138310868,0.03338474936996694,20.0,40.0,primary_verified,https://ir.tesla.com/press-release/tesla-releases-first-quarter-2022-financial-results,https://www.marketbeat.com/earnings/reports/2022-4-20-tesla-inc-stock/,huggingface-ggaddam-finnhub-1m,https://huggingface.co/datasets/ggaddam/OHLCV-1m/blob/main/data/ohlcv_2022-04.parquet,QQQ,cumulative response reverses; cumulative response overshoots; exponential half-life below price resolution
TSLA_Q2_2022,TSLA,Q2 2022,2022-07-20T17:30:00-04:00,23.0,60.0,60.0,180.0,0.015647129228175412,44.29868063668904,0.0007612918527608003,0.06033991052252763,20.0,30.0,primary_verified,https://ir.tesla.com/press-release/tesla-releases-second-quarter-2022-financial-results,https://www.marketbeat.com/earnings/reports/2022-7-20-tesla-inc-stock/,huggingface-ggaddam-finnhub-1m,https://huggingface.co/datasets/ggaddam/OHLCV-1m/blob/main/data/ohlcv_2022-07.parquet,QQQ,cumulative response reverses; cumulative response overshoots; exponential half-life below price resolution
TSLA_Q3_2022,TSLA,Q3 2022,2022-10-19T17:30:00-04:00,10.0,60.0,240.0,540.0,0.003274491464758715,211.680863431727,-0.004121780453708647,0.08144589842736227,20.0,70.0,source_reported_unverified,https://www.marketbeat.com/earnings/reports/2022-10-19-tesla-inc-stock/,https://www.marketbeat.com/earnings/reports/2022-10-19-tesla-inc-stock/,huggingface-ggaddam-finnhub-1m,https://huggingface.co/datasets/ggaddam/OHLCV-1m/blob/main/data/ohlcv_2022-10.parquet,QQQ,cumulative response reverses; cumulative response overshoots
TSLA_Q4_2022,TSLA,Q4 2022,2023-01-25T17:30:00-05:00,24.0,60.0,120.0,180.0,0.009426796256178151,73.52945388054496,-0.002222127282342543,0.027570265009418282,20.0,45.0,source_reported_unverified,https://www.marketbeat.com/earnings/reports/2023-1-25-tesla-inc-stock/,https://www.marketbeat.com/earnings/reports/2023-1-25-tesla-inc-stock/,huggingface-ggaddam-finnhub-1m,https://huggingface.co/datasets/ggaddam/OHLCV-1m/blob/main/data/ohlcv_2023-01.parquet,QQQ,cumulative response reverses; cumulative response overshoots
TSLA_Q2_2023,TSLA,Q2 2023,2023-07-19T17:30:00-04:00,14.0,60.0,540.0,600.0,0.0012326349424733095,562.3296538788119,-0.00201062785841418,0.03566832577513024,20.0,50.0,source_reported_unverified,https://www.marketbeat.com/earnings/reports/2023-7-19-tesla-inc-stock/,https://www.marketbeat.com/earnings/reports/2023-7-19-tesla-inc-stock/,huggingface-ggaddam-finnhub-1m,https://huggingface.co/datasets/ggaddam/OHLCV-1m/blob/main/data/ohlcv_2023-07.parquet,QQQ,cumulative response reverses; cumulative response overshoots
TSLA_Q3_2023,TSLA,Q3 2023,2023-10-18T17:30:00-04:00,15.0,60.0,60.0,180.0,0.0057721395921802475,120.08496494072666,0.003023042943121671,0.024130071427617028,20.0,60.0,source_reported_unverified,https://www.marketbeat.com/earnings/reports/2023-10-18-tesla-inc-stock/,https://www.marketbeat.com/earnings/reports/2023-10-18-tesla-inc-stock/,huggingface-ggaddam-finnhub-1m,https://huggingface.co/datasets/ggaddam/OHLCV-1m/blob/main/data/ohlcv_2023-10.parquet,QQQ,cumulative response reverses; cumulative response overshoots
TSLA_Q4_2023,TSLA,Q4 2023,2024-01-24T17:30:00-05:00,17.0,60.0,120.0,180.0,0.006373849042878769,108.74860322184273,0.0012868992080520834,0.041139876044274604,20.0,35.0,source_reported_unverified,https://www.marketbeat.com/earnings/reports/2024-1-24-tesla-inc-stock/,https://www.marketbeat.com/earnings/reports/2024-1-24-tesla-inc-stock/,huggingface-ggaddam-finnhub-1m,https://huggingface.co/datasets/ggaddam/OHLCV-1m/blob/main/data/ohlcv_2024-01.parquet,QQQ,cumulative response reverses; cumulative response overshoots
TSLA_Q1_2024,TSLA,Q1 2024,2024-04-23T17:30:00-04:00,20.0,60.0,60.0,240.0,0.006890813838646061,100.59003142307179,0.0014817522555560943,0.047983734708018644,20.0,50.0,source_reported_unverified,https://www.marketbeat.com/earnings/reports/2024-4-23-tesla-inc-stock/,https://www.marketbeat.com/earnings/reports/2024-4-23-tesla-inc-stock/,huggingface-ggaddam-finnhub-1m,https://huggingface.co/datasets/ggaddam/OHLCV-1m/blob/main/data/ohlcv_2024-04.parquet,QQQ,cumulative response reverses; cumulative response overshoots
TSLA_Q2_2024,TSLA,Q2 2024,2024-07-23T17:30:00-04:00,11.0,60.0,180.0,180.0,0.008202594719907981,84.50340462118079,0.001542801774717614,0.03574476153628192,20.0,25.0,source_reported_unverified,https://www.marketbeat.com/earnings/reports/2024-7-23-tesla-inc-stock/,https://www.marketbeat.com/earnings/reports/2024-7-23-tesla-inc-stock/,huggingface-ggaddam-finnhub-1m,https://huggingface.co/datasets/ggaddam/OHLCV-1m/blob/main/data/ohlcv_2024-07.parquet,QQQ,cumulative response reverses; cumulative response overshoots
TSLA_Q3_2024,TSLA,Q3 2024,2024-10-23T17:30:00-04:00,16.0,60.0,360.0,660.0,0.0018864037899641252,367.4436959083544,0.0031211985644355386,0.04484278746560377,20.0,85.0,source_reported_unverified,https://www.marketbeat.com/earnings/reports/2024-10-23-tesla-inc-stock/,https://www.marketbeat.com/earnings/reports/2024-10-23-tesla-inc-stock/,huggingface-ggaddam-finnhub-1m,https://huggingface.co/datasets/ggaddam/OHLCV-1m/blob/main/data/ohlcv_2024-10.parquet,QQQ,cumulative response reverses; cumulative response overshoots
TSLA_Q4_2024,TSLA,Q4 2024,2025-01-29T17:30:00-05:00,8.0,60.0,60.0,60.0,0.0032469301839955253,213.47769778868167,-0.004633077698393798,0.12326235677018915,20.0,70.0,source_reported_unverified,https://www.marketbeat.com/earnings/reports/2025-1-29-tesla-inc-stock/,https://www.marketbeat.com/earnings/reports/2025-1-29-tesla-inc-stock/,huggingface-ggaddam-finnhub-1m,https://huggingface.co/datasets/ggaddam/OHLCV-1m/blob/main/data/ohlcv_2025-01.parquet,QQQ,fewer than 10 modeled events; cumulative response reverses; cumulative response overshoots
TSLA_Q1_2025,TSLA,Q1 2025,2025-04-22T17:30:00-04:00,12.0,60.0,60.0,60.0,0.21666379399305025,3.1991832497042805,-0.0015982839195479949,0.10545876425483192,20.0,35.0,source_reported_unverified,https://www.marketbeat.com/earnings/reports/2025-4-22-tesla-inc-stock/,https://www.marketbeat.com/earnings/reports/2025-4-22-tesla-inc-stock/,huggingface-ggaddam-finnhub-1m,https://huggingface.co/datasets/ggaddam/OHLCV-1m/blob/main/data/ohlcv_2025-04.parquet,QQQ,cumulative response reverses; cumulative response overshoots; exponential half-life below price resolution
TSLA_Q2_2025,TSLA,Q2 2025,2025-07-23T17:30:00-04:00,17.0,60.0,120.0,120.0,0.010741317185884442,64.53092936039869,0.002231889795873565,0.06486369805084191,20.0,85.0,source_reported_unverified,https://www.marketbeat.com/earnings/reports/2025-7-23-tesla-inc-stock/,https://www.marketbeat.com/earnings/reports/2025-7-23-tesla-inc-stock/,huggingface-ggaddam-finnhub-1m,https://huggingface.co/datasets/ggaddam/OHLCV-1m/blob/main/data/ohlcv_2025-07.parquet,QQQ,cumulative response reverses; cumulative response overshoots
TSLA_Q3_2025,TSLA,Q3 2025,2025-10-22T17:30:00-04:00,18.0,60.0,420.0,540.0,0.0017809207791611569,389.2071947672086,0.00242124405876971,0.028372728026738403,20.0,45.0,source_reported_unverified,https://www.marketbeat.com/earnings/reports/2025-10-23-tesla-inc-stock/,https://www.marketbeat.com/earnings/reports/2025-10-23-tesla-inc-stock/,huggingface-mito0o852-finnhub-1m,https://huggingface.co/datasets/mito0o852/OHLCV-1m/blob/main/data/ohlcv_2025-10.parquet,QQQ,cumulative response reverses; cumulative response overshoots
TSLA_Q4_2025,TSLA,Q4 2025,2026-01-28T17:30:00-05:00,11.0,60.0,120.0,360.0,0.0017346901007989132,399.57983287084863,0.0017082480679237483,0.04900657665171393,20.0,25.0,source_reported_unverified,https://www.marketbeat.com/earnings/reports/2026-1-28-tesla-inc-stock/,https://www.marketbeat.com/earnings/reports/2026-1-28-tesla-inc-stock/,huggingface-mito0o852-finnhub-1m,https://huggingface.co/datasets/mito0o852/OHLCV-1m/blob/main/data/ohlcv_2026-01.parquet,QQQ,cumulative response reverses; cumulative response overshoots
